SR,0,Sundair,https://images.kiwi.com/airlines/64/SR.png
WR,1,WestJet Encore,https://images.kiwi.com/airlines/64/WR.png
CY,0,Cyprus Airways,https://images.kiwi.com/airlines/64/CY.png
P2,1,Air Kenya,https://images.kiwi.com/airlines/64/P2.png
JY,0,interCaribbean Airways,https://images.kiwi.com/airlines/64/JY.png
UU,0,Air Austral,https://images.kiwi.com/airlines/64/UU.png
QV,0,Lao Airlines,https://images.kiwi.com/airlines/64/QV.png
2N,1,NextJet,https://images.kiwi.com/airlines/64/2N.png
AH,0,Air Algerie,https://images.kiwi.com/airlines/64/AH.png
TQ,0,Tandem Aero,https://images.kiwi.com/airlines/64/TQ.png
RM,0,Armenia Aircompany,https://images.kiwi.com/airlines/64/RM.png
A0,1,Avianca Argentina,https://images.kiwi.com/airlines/64/A0.png
JG,1,JetGo,https://images.kiwi.com/airlines/64/JG.png
M8,1,SkyJet Airlines,https://images.kiwi.com/airlines/64/M8.png
M0,1,Aero Mongolia,https://images.kiwi.com/airlines/64/M0.png
5T,0,Canadian North,https://images.kiwi.com/airlines/64/5T.png
6D,0,Pelita,https://images.kiwi.com/airlines/64/6D.png
GU,1,Avianca Guatemala,https://images.kiwi.com/airlines/64/GU.png
XW,1,NokScoot,https://images.kiwi.com/airlines/64/XW.png
UA,0,United Airlines,https://images.kiwi.com/airlines/64/UA.png
X4,0,Alaska Seaplanes X4,https://images.kiwi.com/airlines/64/X4.png
ND,0,FMI Air,https://images.kiwi.com/airlines/64/ND.png
V0,1,Conviasa,https://images.kiwi.com/airlines/64/V0.png
XX,0,Greenfly,https://images.kiwi.com/airlines/64/XX.png
D7,0,AirAsia X,https://images.kiwi.com/airlines/64/D7.png
XJ,0,Thai AirAsia X,https://images.kiwi.com/airlines/64/XJ.png
2P,1,PAL Express,https://images.kiwi.com/airlines/64/2P.png
CU,0,Cubana de Aviación,https://images.kiwi.com/airlines/64/CU.png
VV,0,Viva Air,https://images.kiwi.com/airlines/64/VV.png
PQ,0,SkyUp Airlines,https://images.kiwi.com/airlines/64/PQ.png
W3,0,Arik Air,https://images.kiwi.com/airlines/64/W3.png
PE,0,People's Viennaline PE,https://images.kiwi.com/airlines/64/PE.png
YD,0,Gomelavia,https://images.kiwi.com/airlines/64/YD.png
GJ,0,Loong Air,https://images.kiwi.com/airlines/64/GJ.png
99,0,Ciao Air,https://images.kiwi.com/airlines/64/99.png
S9,0,Starbow Airlines,https://images.kiwi.com/airlines/64/S9.png
D4,0,Aerodart,https://images.kiwi.com/airlines/64/D4.png
8G,0,Mid Africa Aviation,https://images.kiwi.com/airlines/64/8G.png
8B,0,TransNusa,https://images.kiwi.com/airlines/64/8B.png
AD,1,Azul,https://images.kiwi.com/airlines/64/AD.png
VT,0,Air Tahiti,https://images.kiwi.com/airlines/64/VT.png
KS,0,Peninsula Airways,https://images.kiwi.com/airlines/64/KS.png
KB,0,Druk Air,https://images.kiwi.com/airlines/64/KB.png
SX,0,SkyWork Airlines,https://images.kiwi.com/airlines/64/SX.png
OV,1,SalamAir,https://images.kiwi.com/airlines/64/OV.png
JI,0,Meraj Air,https://images.kiwi.com/airlines/64/JI.png
3I,0,Air Comet Chile,https://images.kiwi.com/airlines/64/3I.png
QA,0,Click (Mexicana),https://images.kiwi.com/airlines/64/QA.png
9J,0,Dana Airlines Limited,https://images.kiwi.com/airlines/64/9J.png
A2,0,Astra Airlines,https://images.kiwi.com/airlines/64/A2.png
SF,0,Tassili Airlines,https://images.kiwi.com/airlines/64/SF.png
XU,1,African Express,https://images.kiwi.com/airlines/64/XU.png
CD,0,Corendon Dutch Airlines B.V.,https://images.kiwi.com/airlines/64/CD.png
J5,0,Alaska Seaplane Service,https://images.kiwi.com/airlines/64/J5.png
LQ,1,Lanmei Airlines,https://images.kiwi.com/airlines/64/LQ.png
SV,0,Saudi Arabian Airlines,https://images.kiwi.com/airlines/64/SV.png
LH,0,Lufthansa,https://images.kiwi.com/airlines/64/LH.png
LA,0,LATAM Airlines,https://images.kiwi.com/airlines/64/LA.png
QF,0,Qantas,https://images.kiwi.com/airlines/64/QF.png
0B,1,Blue Air,https://images.kiwi.com/airlines/64/0B.png
MV,0,Air Mediterranean,https://images.kiwi.com/airlines/64/MV.png
DI,0,Norwegian Air UK,https://images.kiwi.com/airlines/64/DI.png
RT,0,JSC UVT Aero,https://images.kiwi.com/airlines/64/RT.png
F3,0,Flyadeal,https://images.kiwi.com/airlines/64/F3.png
Y2,0,AirCentury,https://images.kiwi.com/airlines/64/Y2.png
9P,1,Air Arabia Jordan,https://images.kiwi.com/airlines/64/9P.png
4C,0,LATAM Colombia,https://images.kiwi.com/airlines/64/4C.png
A6,0,Air Travel,https://images.kiwi.com/airlines/64/A6.png
B4,0,ZanAir,https://images.kiwi.com/airlines/64/B4.png
T0,0,Avianca Peru,https://images.kiwi.com/airlines/64/T0.png
L7,0,Lugansk Airlines,https://images.kiwi.com/airlines/64/L7.png
YW,0,Air Nostrum,https://images.kiwi.com/airlines/64/YW.png
Y7,1,NordStar Airlines,https://images.kiwi.com/airlines/64/Y7.png
NT,1,Binter Canarias,https://images.kiwi.com/airlines/64/NT.png
3U,0,Sichuan Airlines,https://images.kiwi.com/airlines/64/3U.png
11,0,TUIfly (X3),https://images.kiwi.com/airlines/64/11.png
00,1,Anadolujet,https://images.kiwi.com/airlines/64/00.png
LT,0,LongJiang Airlines,https://images.kiwi.com/airlines/64/LT.png
XM,0,Alitalia Express,https://images.kiwi.com/airlines/64/XM.png
4D,0,Air Sinai,https://images.kiwi.com/airlines/64/4D.png
FK,0,Africa West,https://images.kiwi.com/airlines/64/FK.png
2U,0,Air Guinee Express,https://images.kiwi.com/airlines/64/2U.png
A7,0,Calafia Airlines,https://images.kiwi.com/airlines/64/A7.png
GG,0,Air Guyane,https://images.kiwi.com/airlines/64/GG.png
FL,0,AirTran Airways,https://images.kiwi.com/airlines/64/FL.png
TE,0,FlyLal,https://images.kiwi.com/airlines/64/TE.png
SE,1,XL Airways France,https://images.kiwi.com/airlines/64/SE.png
WF,0,Widerøe,https://images.kiwi.com/airlines/64/WF.png
S1,0,Serbian Airlines,https://images.kiwi.com/airlines/64/S1.png
II,0,LSM International ,https://images.kiwi.com/airlines/64/II.png
HN,0,Hankook Airline,https://images.kiwi.com/airlines/64/HN.png
NP,0,Nile Air,https://images.kiwi.com/airlines/64/NP.png
M1,0,Maryland Air,https://images.kiwi.com/airlines/64/M1.png
M2,0,MHS Aviation GmbH,https://images.kiwi.com/airlines/64/M2.png
VRG,1,Voyage Air,https://images.kiwi.com/airlines/64/VRG.png
WI,0,White Airways,https://images.kiwi.com/airlines/64/WI.png
NY,1,Air Iceland Connect,https://images.kiwi.com/airlines/64/NY.png
4Z,0,Airlink (SAA),https://images.kiwi.com/airlines/64/4Z.png
PT,0,Red Jet Andes,https://images.kiwi.com/airlines/64/PT.png
ZE,1,Eastar Jet,https://images.kiwi.com/airlines/64/ZE.png
MI,0,SilkAir,https://images.kiwi.com/airlines/64/MI.png
QR,0,Qatar Airways,https://images.kiwi.com/airlines/64/QR.png
7F,0,First Air,https://images.kiwi.com/airlines/64/7F.png
HG,0,Niki,https://images.kiwi.com/airlines/64/HG.png
RJ,0,Royal Jordanian,https://images.kiwi.com/airlines/64/RJ.png
NN,1,VIM Airlines,https://images.kiwi.com/airlines/64/NN.png
XQ,1,SunExpress,https://images.kiwi.com/airlines/64/XQ.png
9U,0,Air Moldova,https://images.kiwi.com/airlines/64/9U.png
PM,0,Canary Fly,https://images.kiwi.com/airlines/64/PM.png
GK,0,Jetstar Japan,https://images.kiwi.com/airlines/64/GK.png
IN,0,Nam Air,https://images.kiwi.com/airlines/64/IN.png
OO,0,SkyWest,https://images.kiwi.com/airlines/64/OO.png
DJ,1,AirAsia Japan,https://images.kiwi.com/airlines/64/DJ.png
OA,0,Olympic Air,https://images.kiwi.com/airlines/64/OA.png
ZM,0,Air Manas,https://images.kiwi.com/airlines/64/ZM.png
H1,0,Hahn Air,https://images.kiwi.com/airlines/64/H1.png
LS,1,Jet2,https://images.kiwi.com/airlines/64/LS.png
PP,0,Air Indus,https://images.kiwi.com/airlines/64/PP.png
I8,0,Izhavia,https://images.kiwi.com/airlines/64/I8.png
W8,0,Cargojet Airways,https://images.kiwi.com/airlines/64/W8.png
ZT,0,Titan Airways,https://images.kiwi.com/airlines/64/ZT.png
4T,0,Belair,https://images.kiwi.com/airlines/64/4T.png
QH,0,Bamboo Airways,https://images.kiwi.com/airlines/64/QH.png
I0,None,LEVEL operated by Iberia,https://images.kiwi.com/airlines/64/I0.png
KO,0,Komiaviatrans,https://images.kiwi.com/airlines/64/KO.png
PJ,0,Air Saint Pierre,https://images.kiwi.com/airlines/64/PJ.png
2I,1,Star Peru,https://images.kiwi.com/airlines/64/2I.png
IQ,0,Qazaq Air,https://images.kiwi.com/airlines/64/IQ.png
VL,0,Med-View Airline,https://images.kiwi.com/airlines/64/VL.png
KJ,0,British Mediterranean Airways,https://images.kiwi.com/airlines/64/KJ.png
BN,0,Horizon Airlines,https://images.kiwi.com/airlines/64/BN.png
LG,0,Luxair,https://images.kiwi.com/airlines/64/LG.png
O7,0,Orenburzhye Airline,https://images.kiwi.com/airlines/64/O7.png
QT,0,TAMPA,https://images.kiwi.com/airlines/64/QT.png
N7,0,Nordic Regional Airlines,https://images.kiwi.com/airlines/64/N7.png
3J,0,Jubba Airways,https://images.kiwi.com/airlines/64/3J.png
U1,0,Aviabus,https://images.kiwi.com/airlines/64/U1.png
0X,0,Copenhagen Express,https://images.kiwi.com/airlines/64/0X.png
3E,0,Air Choice One,https://images.kiwi.com/airlines/64/3E.png
MK,0,Air Mauritius,https://images.kiwi.com/airlines/64/MK.png
AP,0,AlbaStar,https://images.kiwi.com/airlines/64/AP.png
MU,0,China Eastern Airlines,https://images.kiwi.com/airlines/64/MU.png
7E,0,Sylt Air,https://images.kiwi.com/airlines/64/7E.png
CT,0,Alitalia Cityliner,https://images.kiwi.com/airlines/64/CT.png
OF,0,Overland Airways,https://images.kiwi.com/airlines/64/OF.png
WZ,1,Red Wings,https://images.kiwi.com/airlines/64/WZ.png
LI,0,Leeward Islands Air Transport,https://images.kiwi.com/airlines/64/LI.png
ZH,0,Shenzhen Airlines,https://images.kiwi.com/airlines/64/ZH.png
8Q,1,Onur Air,https://images.kiwi.com/airlines/64/8Q.png
NE,0,Nesma Air,https://images.kiwi.com/airlines/64/NE.png
UI,0,Auric Air,https://images.kiwi.com/airlines/64/UI.png
PK,0,Pakistan International Airlines,https://images.kiwi.com/airlines/64/PK.png
EI,1,Aer Lingus,https://images.kiwi.com/airlines/64/EI.png
LP,0,LATAM Peru,https://images.kiwi.com/airlines/64/LP.png
U8,0,TUS Airways,https://images.kiwi.com/airlines/64/U8.png
TC,0,Air Tanzania,https://images.kiwi.com/airlines/64/TC.png
E5,0,Air Arabia Egypt,https://images.kiwi.com/airlines/64/E5.png
WO,0,Swoop,https://images.kiwi.com/airlines/64/WO.png
RC,0,Atlantic Airways,https://images.kiwi.com/airlines/64/RC.png
A5,1,HOP!,https://images.kiwi.com/airlines/64/A5.png
B9,0,Air Bangladesh,https://images.kiwi.com/airlines/64/B9.png
5Y,0,Atlas Air,https://images.kiwi.com/airlines/64/5Y.png
6G,0,Air Wales,https://images.kiwi.com/airlines/64/6G.png
6K,0,Asian Spirit,https://images.kiwi.com/airlines/64/6K.png
R7,0,Aserca Airlines,https://images.kiwi.com/airlines/64/R7.png
VU,0,Air Ivoire,https://images.kiwi.com/airlines/64/VU.png
UM,0,Air Zimbabwe,https://images.kiwi.com/airlines/64/UM.png
NM,0,Air Madrid,https://images.kiwi.com/airlines/64/NM.png
FJ,0,Fiji Airways,https://images.kiwi.com/airlines/64/FJ.png
JS,0,Air Koryo,https://images.kiwi.com/airlines/64/JS.png
MD,0,Air Madagascar,https://images.kiwi.com/airlines/64/MD.png
8D,0,Astair,https://images.kiwi.com/airlines/64/8D.png
OT,0,Aeropelican Air Services,https://images.kiwi.com/airlines/64/OT.png
RE,0,Stobart Air,https://images.kiwi.com/airlines/64/RE.png
5L,0,Aerosur,https://images.kiwi.com/airlines/64/5L.png
Z3,0,Avient Aviation,https://images.kiwi.com/airlines/64/Z3.png
EC,0,Avialeasing Aviation Company,https://images.kiwi.com/airlines/64/EC.png
ZL,1,Regional Express,https://images.kiwi.com/airlines/64/ZL.png
J8,0,Berjaya Air,https://images.kiwi.com/airlines/64/J8.png
IO,1,IrAero,https://images.kiwi.com/airlines/64/IO.png
AS,0,Alaska Airlines,https://images.kiwi.com/airlines/64/AS.png
7G,1,Star Flyer,https://images.kiwi.com/airlines/64/7G.png
2L,0,Helvetic Airways,https://images.kiwi.com/airlines/64/2L.png
FB,0,Bulgaria Air,https://images.kiwi.com/airlines/64/FB.png
OI,0,Orchid Airlines,https://images.kiwi.com/airlines/64/OI.png
EO,0,Pegas Fly,https://images.kiwi.com/airlines/64/EO.png
LV,0,Level,https://images.kiwi.com/airlines/64/LV.png
QI,0,Cimber Air,https://images.kiwi.com/airlines/64/QI.png
AC,0,Air Canada,https://images.kiwi.com/airlines/64/AC.png
LU,0,LAN Express,https://images.kiwi.com/airlines/64/LU.png
SY,1,Sun Country Airlines,https://images.kiwi.com/airlines/64/SY.png
WX,0,CityJet,https://images.kiwi.com/airlines/64/WX.png
BD,0,Cambodia Bayon Airlines,https://images.kiwi.com/airlines/64/BD.png
MS,0,Egyptair,https://images.kiwi.com/airlines/64/MS.png
I5,0,AirAsia India,https://images.kiwi.com/airlines/64/I5.png
PD,1,Porter Airlines,https://images.kiwi.com/airlines/64/PD.png
8N,0,Regional Air Services,https://images.kiwi.com/airlines/64/8N.png
PS,0,Ukraine International Airlines,https://images.kiwi.com/airlines/64/PS.png
FV,0,Rossiya-Russian Airlines,https://images.kiwi.com/airlines/64/FV.png
KR,0,Cambodia Airways,https://images.kiwi.com/airlines/64/KR.png
W9,0,Wizz Air UK,https://images.kiwi.com/airlines/64/W9.png
2K,0,Avianca Ecuador,https://images.kiwi.com/airlines/64/2K.png
3O,0,Air Arabia Maroc,https://images.kiwi.com/airlines/64/3O.png
LR,0,Avianca Costa Rica,https://images.kiwi.com/airlines/64/LR.png
JJ,0,LATAM Brasil,https://images.kiwi.com/airlines/64/JJ.png
NF,0,Air Vanuatu,https://images.kiwi.com/airlines/64/NF.png
GS,0,Tianjin Airlines,https://images.kiwi.com/airlines/64/GS.png
EN,0,Air Dolomiti,https://images.kiwi.com/airlines/64/EN.png
AJ,0,Aero Contractors,https://images.kiwi.com/airlines/64/AJ.png
BS,0,British International Helicopters,https://images.kiwi.com/airlines/64/BS.png
CH,0,Bemidji Airlines,https://images.kiwi.com/airlines/64/CH.png
8E,0,Bering Air,https://images.kiwi.com/airlines/64/8E.png
4R,0,Renfe,https://images.kiwi.com/airlines/64/4R.png
FE,None,Far Eastern Air Transport,https://images.kiwi.com/airlines/64/FE.png
DQ,0,Coastal Air,https://images.kiwi.com/airlines/64/DQ.png
6A,0,Consorcio Aviaxsa,https://images.kiwi.com/airlines/64/6A.png
SS,0,Corsair International,https://images.kiwi.com/airlines/64/SS.png
YK,0,Avia Traffic Airline,https://images.kiwi.com/airlines/64/YK.png
DO,0,Dominicana de Aviaci,https://images.kiwi.com/airlines/64/DO.png
E3,0,Domodedovo Airlines,https://images.kiwi.com/airlines/64/E3.png
H7,0,Eagle Air,https://images.kiwi.com/airlines/64/H7.png
T3,0,Eastern Airways,https://images.kiwi.com/airlines/64/T3.png
UZ,0,El-Buraq Air Transport,https://images.kiwi.com/airlines/64/UZ.png
B8,0,Eritrean Airlines,https://images.kiwi.com/airlines/64/B8.png
EA,0,European Air Express,https://images.kiwi.com/airlines/64/EA.png
GF,0,Gulf Air Bahrain,https://images.kiwi.com/airlines/64/GF.png
TY,0,Air Caledonie,https://images.kiwi.com/airlines/64/TY.png
L8,0,Line Blue,https://images.kiwi.com/airlines/64/L8.png
5U,0,Transportes Aéreos Guatemaltecos,https://images.kiwi.com/airlines/64/5U.png
P7,0,Small Planet Airline,https://images.kiwi.com/airlines/64/P7.png
8I,0,MyAir,https://images.kiwi.com/airlines/64/8I.png
XK,0,Air Corsica,https://images.kiwi.com/airlines/64/XK.png
FW,0,Ibex Airlines,https://images.kiwi.com/airlines/64/FW.png
I7,0,Int'Air Iles,https://images.kiwi.com/airlines/64/I7.png
LO,0,LOT Polish Airlines,https://images.kiwi.com/airlines/64/LO.png
B2,0,Belavia Belarusian Airlines,https://images.kiwi.com/airlines/64/B2.png
2T,0,TruJet,https://images.kiwi.com/airlines/64/2T.png
TS,0,Air Transat,https://images.kiwi.com/airlines/64/TS.png
OU,0,Croatia Airlines,https://images.kiwi.com/airlines/64/OU.png
VX,1,Virgin America,https://images.kiwi.com/airlines/64/VX.png
D2,1,Severstal Air Company,https://images.kiwi.com/airlines/64/D2.png
KF,0,Air Belgium,https://images.kiwi.com/airlines/64/KF.png
JN,0,JOON,https://images.kiwi.com/airlines/64/JN.png
EH,0,ANA Wings,https://images.kiwi.com/airlines/64/EH.png
XT,0,Indonesia AirAsia X,https://images.kiwi.com/airlines/64/XT.png
TA,0,Avianca El Salvador,https://images.kiwi.com/airlines/64/TA.png
UD,0,Hex'Air,https://images.kiwi.com/airlines/64/UD.png
RZ,0,Sansa Air,https://images.kiwi.com/airlines/64/RZ.png
4G,0,Gazpromavia,https://images.kiwi.com/airlines/64/4G.png
G0,0,Ghana International Airlines,https://images.kiwi.com/airlines/64/G0.png
IC,0,Indian Airlines,https://images.kiwi.com/airlines/64/IC.png
D6,0,Interair South Africa,https://images.kiwi.com/airlines/64/D6.png
KV,0,Kavminvodyavia,https://images.kiwi.com/airlines/64/KV.png
M5,0,Kenmore Air,https://images.kiwi.com/airlines/64/M5.png
Y9,0,Kish Air,https://images.kiwi.com/airlines/64/Y9.png
7K,0,Kogalymavia Air Company,https://images.kiwi.com/airlines/64/7K.png
GW,0,Kuban Airlines,https://images.kiwi.com/airlines/64/GW.png
NG,0,Lauda Air,https://images.kiwi.com/airlines/64/NG.png
4P,0,Regional sky,https://images.kiwi.com/airlines/64/4P.png
O2,0,Linear Air,https://images.kiwi.com/airlines/64/O2.png
LN,0,Libyan Arab Airlines,https://images.kiwi.com/airlines/64/LN.png
MP,0,Martinair,https://images.kiwi.com/airlines/64/MP.png
MZ,0,Merpati Nusantara Airlines,https://images.kiwi.com/airlines/64/MZ.png
YV,0,Mesa Airlines,https://images.kiwi.com/airlines/64/YV.png
MX,0,Mexicana de Aviaci,https://images.kiwi.com/airlines/64/MX.png
MY,0,Midwest Airlines (Egypt),https://images.kiwi.com/airlines/64/MY.png
2M,0,Maya Island Air,https://images.kiwi.com/airlines/64/2M.png
3R,0,Moskovia Airlines,https://images.kiwi.com/airlines/64/3R.png
M9,0,Motor Sich,https://images.kiwi.com/airlines/64/M9.png
NC,0,National Jet Systems,https://images.kiwi.com/airlines/64/NC.png
RL,0,Royal Falcon,https://images.kiwi.com/airlines/64/RL.png
BU,0,Baikotovitchestrian Airlines ,https://images.kiwi.com/airlines/64/BU.png
8J,0,Eco Jet,https://images.kiwi.com/airlines/64/8J.png
PI,0,Polar Airlines,https://images.kiwi.com/airlines/64/PI.png
9B,0,AccesRail,https://images.kiwi.com/airlines/64/9B.png
I9,0,Air Italy,https://images.kiwi.com/airlines/64/I9.png
MQ,0,Envoy Air as American Eagle,https://images.kiwi.com/airlines/64/MQ.png
PH,0,Polynesian Airlines,https://images.kiwi.com/airlines/64/PH.png
EY,0,Etihad Airways,https://images.kiwi.com/airlines/64/EY.png
WY,0,Oman Air,https://images.kiwi.com/airlines/64/WY.png
SZ,0,Somon Air,https://images.kiwi.com/airlines/64/SZ.png
OK,0,Czech Airlines,https://images.kiwi.com/airlines/64/OK.png
A9,0,Georgian Airways,https://images.kiwi.com/airlines/64/A9.png
8P,0,Pacific Coastal Airline,https://images.kiwi.com/airlines/64/8P.png
AY,0,Finnair,https://images.kiwi.com/airlines/64/AY.png
U4,0,Buddha Air,https://images.kiwi.com/airlines/64/U4.png
RQ,0,Kam Air,https://images.kiwi.com/airlines/64/RQ.png
GZ,0,Air Rarotonga,https://images.kiwi.com/airlines/64/GZ.png
YX,0,Republic Airline,https://images.kiwi.com/airlines/64/YX.png
G7,0,GoJet Airlines,https://images.kiwi.com/airlines/64/G7.png
ON,0,Nauru Air Corporation,https://images.kiwi.com/airlines/64/ON.png
QB,0,Qeshm Air,https://images.kiwi.com/airlines/64/QB.png
V7,1,Volotea,https://images.kiwi.com/airlines/64/V7.png
RH,0,Republic Express Airlines,https://images.kiwi.com/airlines/64/RH.png
3P,0,Tiara Air,https://images.kiwi.com/airlines/64/3P.png
RA,0,Nepal Airlines,https://images.kiwi.com/airlines/64/RA.png
KE,0,Korean Air,https://images.kiwi.com/airlines/64/KE.png
CG,0,PNG Air,https://images.kiwi.com/airlines/64/CG.png
EJ,0,New England Airlines,https://images.kiwi.com/airlines/64/EJ.png
U7,0,Northern Dene Airways,https://images.kiwi.com/airlines/64/U7.png
J3,0,Northwestern Air,https://images.kiwi.com/airlines/64/J3.png
O6,0,Avianca Brazil,https://images.kiwi.com/airlines/64/O6.png
PV,0,PAN Air,https://images.kiwi.com/airlines/64/PV.png
PU,0,Plus Ultra Lineas Aereas,https://images.kiwi.com/airlines/64/PU.png
LZ,0,belleair,https://images.kiwi.com/airlines/64/LZ.png
JH,0,Fuji Dream Airlines,https://images.kiwi.com/airlines/64/JH.png
8F,0,STP Airways,https://images.kiwi.com/airlines/64/8F.png
QQ,0,Alliance Airlines,https://images.kiwi.com/airlines/64/QQ.png
MN,1,Kulula,https://images.kiwi.com/airlines/64/MN.png
NU,0,Japan Transocean Air,https://images.kiwi.com/airlines/64/NU.png
EK,0,Emirates,https://images.kiwi.com/airlines/64/EK.png
IK,0,Pegas Fly,https://images.kiwi.com/airlines/64/IK.png
9E,0,Endeavor Air,https://images.kiwi.com/airlines/64/9E.png
OY,0,Andes Líneas Aéreas,https://images.kiwi.com/airlines/64/OY.png
Z2,0,Philippines AirAsia,https://images.kiwi.com/airlines/64/Z2.png
BB,0,Seaborne Airlines,https://images.kiwi.com/airlines/64/BB.png
CX,0,Cathay Pacific,https://images.kiwi.com/airlines/64/CX.png
GM,0,Chair Airlines,https://images.kiwi.com/airlines/64/GM.png
J4,0,Badr Airlines,https://images.kiwi.com/airlines/64/J4.png
PZ,0,LATAM Paraguay,https://images.kiwi.com/airlines/64/PZ.png
BK,0,Okay Airways,https://images.kiwi.com/airlines/64/BK.png
5M,0,Sibaviatrans,https://images.kiwi.com/airlines/64/5M.png
ZS,0,Sama Airlines,https://images.kiwi.com/airlines/64/ZS.png
FT,0,FlyEgypt FT,https://images.kiwi.com/airlines/64/FT.png
FS,0,Servicios de Transportes A,https://images.kiwi.com/airlines/64/FS.png
SD,0,Sudan Airways,https://images.kiwi.com/airlines/64/SD.png
RB,0,Syrian Arab Airlines,https://images.kiwi.com/airlines/64/RB.png
S5,0,Shuttle America,https://images.kiwi.com/airlines/64/S5.png
FQ,0,Thomas Cook Airlines,https://images.kiwi.com/airlines/64/FQ.png
GE,0,TransAsia Airways,https://images.kiwi.com/airlines/64/GE.png
VR,0,TACV,https://images.kiwi.com/airlines/64/VR.png
HK,0,Yangon Airways,https://images.kiwi.com/airlines/64/HK.png
XZ,0,Congo Express,https://images.kiwi.com/airlines/64/XZ.png
G4,1,Allegiant Air,https://images.kiwi.com/airlines/64/G4.png
BY,1,TUI Airways,https://images.kiwi.com/airlines/64/BY.png
IY,0,Yemenia,https://images.kiwi.com/airlines/64/IY.png
G6,0,Air Volga,https://images.kiwi.com/airlines/64/G6.png
Q2,0,Maldivian,https://images.kiwi.com/airlines/64/Q2.png
KW,0,Carnival Air Lines,https://images.kiwi.com/airlines/64/KW.png
S6,0,Sunrise Airways,https://images.kiwi.com/airlines/64/S6.png
AX,0,Trans States Airlines,https://images.kiwi.com/airlines/64/AX.png
3T,0,Turan Air,https://images.kiwi.com/airlines/64/3T.png
U5,0,USA3000 Airlines,https://images.kiwi.com/airlines/64/U5.png
UF,0,UM Airlines,https://images.kiwi.com/airlines/64/UF.png
US,0,US Airways,https://images.kiwi.com/airlines/64/US.png
TV,0,Tibet Airlines,https://images.kiwi.com/airlines/64/TV.png
2W,0,Welcome Air,https://images.kiwi.com/airlines/64/2W.png
8O,0,West Coast Air,https://images.kiwi.com/airlines/64/8O.png
IV,0,Wind Jet,https://images.kiwi.com/airlines/64/IV.png
MF,0,Xiamen Airlines,https://images.kiwi.com/airlines/64/MF.png
9Y,0,Air Kazakhstan,https://images.kiwi.com/airlines/64/9Y.png
B7,0,Uni Air,https://images.kiwi.com/airlines/64/B7.png
H8,0,Latin American Wings,https://images.kiwi.com/airlines/64/H8.png
47,0,88,https://images.kiwi.com/airlines/64/47.png
69,0,Royal European Airlines,https://images.kiwi.com/airlines/64/69.png
7Y,0,Mann Yadanarpon Airlines,https://images.kiwi.com/airlines/64/7Y.png
4L,0,Euroline,https://images.kiwi.com/airlines/64/4L.png
ZF,0,Azur Air,https://images.kiwi.com/airlines/64/ZF.png
6P,0,Gryphon Airlines,https://images.kiwi.com/airlines/64/6P.png
JR,0,Joy Air,https://images.kiwi.com/airlines/64/JR.png
UR,0,Azur Air Germany,https://images.kiwi.com/airlines/64/UR.png
TI,0,Tailwind Airlines,https://images.kiwi.com/airlines/64/TI.png
5F,1,Fly One,https://images.kiwi.com/airlines/64/5F.png
KT,0,VickJet,https://images.kiwi.com/airlines/64/KT.png
H5,0,I-Fly,https://images.kiwi.com/airlines/64/H5.png
G5,0,China Express Airlines,https://images.kiwi.com/airlines/64/G5.png
D1,0,Domenican Airlines,https://images.kiwi.com/airlines/64/D1.png
C4,0,LionXpress,https://images.kiwi.com/airlines/64/C4.png
P8,0,Air Mekong,https://images.kiwi.com/airlines/64/P8.png
VG,0,VLM Airlines,https://images.kiwi.com/airlines/64/VG.png
V6,0,VIP Ecuador,https://images.kiwi.com/airlines/64/V6.png
7Z,0,Halcyonair,https://images.kiwi.com/airlines/64/7Z.png
NB,0,Sterling Airlines,https://images.kiwi.com/airlines/64/NB.png
1T,0,Hitit Bilgisayar Hizmetleri,https://images.kiwi.com/airlines/64/1T.png
6Y,0,SmartLynx Airlines,https://images.kiwi.com/airlines/64/6Y.png
2Q,0,Air Cargo Carriers,https://images.kiwi.com/airlines/64/2Q.png
OC,0,Oriental Air Bridge,https://images.kiwi.com/airlines/64/OC.png
TD,0,Atlantis European Airways,https://images.kiwi.com/airlines/64/TD.png
NO,1,Neos Air,https://images.kiwi.com/airlines/64/NO.png
4Q,0,Safi Airlines,https://images.kiwi.com/airlines/64/4Q.png
YM,0,Montenegro Airlines,https://images.kiwi.com/airlines/64/YM.png
7P,1,AirPanama,https://images.kiwi.com/airlines/64/7P.png
DT,0,TAAG Angola Airlines,https://images.kiwi.com/airlines/64/DT.png
A4,0,Azimuth,https://images.kiwi.com/airlines/64/A4.png
VK,0,LEVEL operated by ANISEC,https://images.kiwi.com/airlines/64/VK.png
7Q,0,Elite Airways,https://images.kiwi.com/airlines/64/7Q.png
DZ,0,Donghai Airlines,https://images.kiwi.com/airlines/64/DZ.png
YQ,0,TAR Aerolineas,https://images.kiwi.com/airlines/64/YQ.png
6J,0,Solaseed Air,https://images.kiwi.com/airlines/64/6J.png
E4,0,Elysian Airlines,https://images.kiwi.com/airlines/64/E4.png
D3,0,Daallo Airlines,https://images.kiwi.com/airlines/64/D3.png
IA,0,Iraqi Airways,https://images.kiwi.com/airlines/64/IA.png
XO,0,LTE International Airways,https://images.kiwi.com/airlines/64/XO.png
CE,0,Chalair,https://images.kiwi.com/airlines/64/CE.png
7L,0,Sun D'Or,https://images.kiwi.com/airlines/64/7L.png
JK,0,Spanair,https://images.kiwi.com/airlines/64/JK.png
S3,0,SBA Airlines,https://images.kiwi.com/airlines/64/S3.png
UH,0,AtlasGlobal Ukraine,https://images.kiwi.com/airlines/64/UH.png
VI,0,Volga-Dnepr Airlines,https://images.kiwi.com/airlines/64/VI.png
GY,0,Colorful Guizhou Airlines,https://images.kiwi.com/airlines/64/GY.png
5P,0,Small Planet Airlines,https://images.kiwi.com/airlines/64/5P.png
M4,0,Mistral Air,https://images.kiwi.com/airlines/64/M4.png
R8,0,AirRussia,https://images.kiwi.com/airlines/64/R8.png
12,0,12 North,https://images.kiwi.com/airlines/64/12.png
QD,0,JC International Airlines,https://images.kiwi.com/airlines/64/QD.png
QM,0,Air Malawi,https://images.kiwi.com/airlines/64/QM.png
XV,0,BVI Airways,https://images.kiwi.com/airlines/64/XV.png
L6,0,Mauritania Airlines International,https://images.kiwi.com/airlines/64/L6.png
DX,0,DAT Danish Air Transport,https://images.kiwi.com/airlines/64/DX.png
HC,0,Air Senegal,https://images.kiwi.com/airlines/64/HC.png
V9,0,Star1 Airlines,https://images.kiwi.com/airlines/64/V9.png
1B,0,Abacus International,https://images.kiwi.com/airlines/64/1B.png
HT,0,Hellenic Imperial Airways,https://images.kiwi.com/airlines/64/HT.png
1I,0,NetJets,https://images.kiwi.com/airlines/64/1I.png
9Q,0,PB Air,https://images.kiwi.com/airlines/64/9Q.png
SB,0,Aircalin,https://images.kiwi.com/airlines/64/SB.png
YO,0,TransHolding System,https://images.kiwi.com/airlines/64/YO.png
MB,0,MNG Airlines,https://images.kiwi.com/airlines/64/MB.png
3F,0,Fly Colombia ( Interliging Flights ),https://images.kiwi.com/airlines/64/3F.png
ZN,0,Zenith International Airline,https://images.kiwi.com/airlines/64/ZN.png
R5,0,Jordan Aviation,https://images.kiwi.com/airlines/64/R5.png
NX,0,Air Macau,https://images.kiwi.com/airlines/64/NX.png
4N,0,Air North,https://images.kiwi.com/airlines/64/4N.png
QJ,0,Jet Airways,https://images.kiwi.com/airlines/64/QJ.png
EV,0,ExpressJet,https://images.kiwi.com/airlines/64/EV.png
3G,0,Atlant-Soyuz Airlines,https://images.kiwi.com/airlines/64/3G.png
2F,0,Frontier Flying Service,https://images.kiwi.com/airlines/64/2F.png
VO,0,FlyVLM,https://images.kiwi.com/airlines/64/VO.png
2B,0,AlbaWings,https://images.kiwi.com/airlines/64/2B.png
3B,0,Binter Cabo Verde,https://images.kiwi.com/airlines/64/3B.png
FM,0,Shanghai Airlines,https://images.kiwi.com/airlines/64/FM.png
WJ,0,JetSMART Argentina,https://images.kiwi.com/airlines/64/WJ.png
AU,0,Austral Lineas Aereas,https://images.kiwi.com/airlines/64/AU.png
H6,0,Bulgarian Air Charter,https://images.kiwi.com/airlines/64/H6.png
HF,0,Air Cote d'Ivoire,https://images.kiwi.com/airlines/64/HF.png
ZA,0,Sky Angkor Airlines,https://images.kiwi.com/airlines/64/ZA.png
JF,0,Jetairfly,https://images.kiwi.com/airlines/64/JF.png
WA,0,KLM Cityhopper,https://images.kiwi.com/airlines/64/WA.png
GO,0,Kuzu Airlines Cargo,https://images.kiwi.com/airlines/64/GO.png
L3,0,LTU Austria,https://images.kiwi.com/airlines/64/L3.png
HE,0,Luftfahrtgesellschaft Walter,https://images.kiwi.com/airlines/64/HE.png
DM,0,Maersk,https://images.kiwi.com/airlines/64/DM.png
NW,0,Northwest Airlines,https://images.kiwi.com/airlines/64/NW.png
O8,0,Siam Air,https://images.kiwi.com/airlines/64/O8.png
QO,0,Origin Pacific Airways,https://images.kiwi.com/airlines/64/QO.png
NI,0,Portugalia,https://images.kiwi.com/airlines/64/NI.png
RD,0,Ryan International Airlines,https://images.kiwi.com/airlines/64/RD.png
YS,0,Régional,https://images.kiwi.com/airlines/64/YS.png
AL,0,Skywalk Airlines,https://images.kiwi.com/airlines/64/AL.png
9S,0,Spring Airlines,https://images.kiwi.com/airlines/64/9S.png
9T,0,Transwest Air,https://images.kiwi.com/airlines/64/9T.png
6B,0,TUIfly Nordic,https://images.kiwi.com/airlines/64/6B.png
ZG,0,Grozny Avia,https://images.kiwi.com/airlines/64/ZG.png
8Z,0,Wizz Air Hungary,https://images.kiwi.com/airlines/64/8Z.png
CV,0,Air Chathams,https://images.kiwi.com/airlines/64/CV.png
SP,0,SATA Air Acores,https://images.kiwi.com/airlines/64/SP.png
LF,0,Contour Airlines,https://images.kiwi.com/airlines/64/LF.png
WQ,0,Swiftair,https://images.kiwi.com/airlines/64/WQ.png
78,0,Southjet cargo,https://images.kiwi.com/airlines/64/78.png
YL,0,Yamal Airlines,https://images.kiwi.com/airlines/64/YL.png
K1,0,Kostromskie avialinii,https://images.kiwi.com/airlines/64/K1.png
PO,0,Polar Airlines,https://images.kiwi.com/airlines/64/PO.png
JB,0,Helijet,https://images.kiwi.com/airlines/64/JB.png
L4,0,LASA Argentina,https://images.kiwi.com/airlines/64/L4.png
ZX,0,Japan Regio,https://images.kiwi.com/airlines/64/ZX.png
CQ,0,Coastal Aviation,https://images.kiwi.com/airlines/64/CQ.png
BQ,0,Buquebus Líneas Aéreas,https://images.kiwi.com/airlines/64/BQ.png
YR,0,SENIC AIRLINES,https://images.kiwi.com/airlines/64/YR.png
M7,0,MasAir,https://images.kiwi.com/airlines/64/M7.png
AN,0,Ansett Australia,https://images.kiwi.com/airlines/64/AN.png
MR,0,Hunnu Air,https://images.kiwi.com/airlines/64/MR.png
YY,0,Virginwings,https://images.kiwi.com/airlines/64/YY.png
4K,0,Askari Aviation,https://images.kiwi.com/airlines/64/4K.png
QC,0,Camair-co,https://images.kiwi.com/airlines/64/QC.png
OG,0,AirOnix,https://images.kiwi.com/airlines/64/OG.png
8U,0,Afriqiyah Airways,https://images.kiwi.com/airlines/64/8U.png
FG,0,Ariana Afghan Airlines,https://images.kiwi.com/airlines/64/FG.png
GV,0,Grant Aviation,https://images.kiwi.com/airlines/64/GV.png
BH,0,Hawkair,https://images.kiwi.com/airlines/64/BH.png
8H,0,Heli France,https://images.kiwi.com/airlines/64/8H.png
T4,0,Hellas Jet,https://images.kiwi.com/airlines/64/T4.png
CL,0,Lufthansa CityLine,https://images.kiwi.com/airlines/64/CL.png
GH,0,Globus,https://images.kiwi.com/airlines/64/GH.png
4M,0,LATAM Argentina,https://images.kiwi.com/airlines/64/4M.png
WU,0,Jetways Airlines Limited,https://images.kiwi.com/airlines/64/WU.png
FU,0,Fuzhou Airlines,https://images.kiwi.com/airlines/64/FU.png
HW,0,Hello,https://images.kiwi.com/airlines/64/HW.png
L5,0,Atlas Atlantique Airlines,https://images.kiwi.com/airlines/64/L5.png
OM,0,MIAT Mongolian Airlines,https://images.kiwi.com/airlines/64/OM.png
W5,0,Mahan Air,https://images.kiwi.com/airlines/64/W5.png
MA,0,Malév,https://images.kiwi.com/airlines/64/MA.png
N5,0,Skagway Air Service,https://images.kiwi.com/airlines/64/N5.png
VP,0,VASP,https://images.kiwi.com/airlines/64/VP.png
4H,0,United Airways,https://images.kiwi.com/airlines/64/4H.png
SO,0,Salsa d\\'Haiti,https://images.kiwi.com/airlines/64/SO.png
ZC,0,Korongo Airlines,https://images.kiwi.com/airlines/64/ZC.png
WH,0,China Northwest Airlines (WH),https://images.kiwi.com/airlines/64/WH.png
5Q,0,BQB Lineas Aereas,https://images.kiwi.com/airlines/64/5Q.png
KG,0,Royal Airways,https://images.kiwi.com/airlines/64/KG.png
YH,0,Yangon Airways Ltd.,https://images.kiwi.com/airlines/64/YH.png
Q3,0,Anguilla Air Services,https://images.kiwi.com/airlines/64/Q3.png
CB,0,CCML Airlines,https://images.kiwi.com/airlines/64/CB.png
GB,0,BRAZIL AIR,https://images.kiwi.com/airlines/64/GB.png
N1,0,N1,https://images.kiwi.com/airlines/64/N1.png
G1,0,Indya Airline Group,https://images.kiwi.com/airlines/64/G1.png
M3,0,Air Norway,https://images.kiwi.com/airlines/64/M3.png
OP,None,PassionAir,https://images.kiwi.com/airlines/64/OP.png
QU,None,Azur Air Ukraine,https://images.kiwi.com/airlines/64/QU.png
24,0,Euro Jet,https://images.kiwi.com/airlines/64/24.png
EZ,0,Evergreen International Airlines,https://images.kiwi.com/airlines/64/EZ.png
ZY,0,Ada Air,https://images.kiwi.com/airlines/64/ZY.png
C1,0,CanXpress,https://images.kiwi.com/airlines/64/C1.png
EM,0,Empire Airlines,https://images.kiwi.com/airlines/64/EM.png
C5,0,CommutAir,https://images.kiwi.com/airlines/64/C5.png
C3,0,Contact Air,https://images.kiwi.com/airlines/64/C3.png
CS,0,Continental Micronesia,https://images.kiwi.com/airlines/64/CS.png
0D,0,Darwin Airline,https://images.kiwi.com/airlines/64/0D.png
DK,0,Eastland Air,https://images.kiwi.com/airlines/64/DK.png
XE,0,ExpressJet,https://images.kiwi.com/airlines/64/XE.png
RF,0,Florida West International Airways,https://images.kiwi.com/airlines/64/RF.png
TU,0,Tunisair,https://images.kiwi.com/airlines/64/TU.png
T7,0,Twin Jet,https://images.kiwi.com/airlines/64/T7.png
VA,1,Virgin Australia Airlines,https://images.kiwi.com/airlines/64/VA.png
W1,0,World Experience Airline,https://images.kiwi.com/airlines/64/W1.png
ZQ,0,Locair,https://images.kiwi.com/airlines/64/ZQ.png
I6,0,Air indus,https://images.kiwi.com/airlines/64/I6.png
OQ,0,Chongqing Airlines,https://images.kiwi.com/airlines/64/OQ.png
1C,0,OneChina,https://images.kiwi.com/airlines/64/1C.png
PA,1,Airblue,https://images.kiwi.com/airlines/64/PA.png
RG,0,Rotana Jet,https://images.kiwi.com/airlines/64/RG.png
TJ,0,Tradewind Aviation,https://images.kiwi.com/airlines/64/TJ.png
DN,0,Norwegian Air Argentina,https://images.kiwi.com/airlines/64/DN.png
NS,0,Hebei Airlines,https://images.kiwi.com/airlines/64/NS.png
VF,0,Valuair,https://images.kiwi.com/airlines/64/VF.png
HM,0,Air Seychelles,https://images.kiwi.com/airlines/64/HM.png
KN,0,China United,https://images.kiwi.com/airlines/64/KN.png
W2,0,Flexflight,https://images.kiwi.com/airlines/64/W2.png
NA,0,Nesma Air,https://images.kiwi.com/airlines/64/NA.png
9I,0,Alliance Air,https://images.kiwi.com/airlines/64/9I.png
TH,0,TransBrasil Airlines,https://images.kiwi.com/airlines/64/TH.png
Y1,0,Yellowstone Club Private Shuttle,https://images.kiwi.com/airlines/64/Y1.png
F1,0,Fly Brasil,https://images.kiwi.com/airlines/64/F1.png
1F,0,CB Airways UK ( Interliging Flights ),https://images.kiwi.com/airlines/64/1F.png
T6,0,Airswift Transport,https://images.kiwi.com/airlines/64/T6.png
N0,0,Norte Lineas Aereas,https://images.kiwi.com/airlines/64/N0.png
H9,0,Himalaya Airlines,https://images.kiwi.com/airlines/64/H9.png
6U,0,Air Cargo Germany,https://images.kiwi.com/airlines/64/6U.png
XB,0,NEXT Brasil,https://images.kiwi.com/airlines/64/XB.png
GN,0,GNB Linhas Aereas,https://images.kiwi.com/airlines/64/GN.png
E1,0,Usa Sky Cargo,https://images.kiwi.com/airlines/64/E1.png
QY,0,Red Jet Canada,https://images.kiwi.com/airlines/64/QY.png
4X,0,Red Jet Mexico,https://images.kiwi.com/airlines/64/4X.png
Y8,0,Marusya Airways,https://images.kiwi.com/airlines/64/Y8.png
FH,0,Freebird Airlines,https://images.kiwi.com/airlines/64/FH.png
2D,0,Aero VIP (2D),https://images.kiwi.com/airlines/64/2D.png
HQ,0,Thomas Cook Belgium,https://images.kiwi.com/airlines/64/HQ.png
4B,0,BoutiqueAir,https://images.kiwi.com/airlines/64/4B.png
1X,0,Branson Air Express,https://images.kiwi.com/airlines/64/1X.png
E9,0,Evelop Airlines,https://images.kiwi.com/airlines/64/E9.png
DA,0,Aerolinea de Antioquia,https://images.kiwi.com/airlines/64/DA.png
2O,0,Island Air Kodiak,https://images.kiwi.com/airlines/64/2O.png
BG,1,Biman Bangladesh Airlines,https://images.kiwi.com/airlines/64/BG.png
WV,0,Aero VIP,https://images.kiwi.com/airlines/64/WV.png
TX,0,Air Caraïbes,https://images.kiwi.com/airlines/64/TX.png
VC,0,Via Air,https://images.kiwi.com/airlines/64/VC.png
20,0,Air Salone,https://images.kiwi.com/airlines/64/20.png
EJR,None,EJR – East Japan Rail Company,https://images.kiwi.com/airlines/64/EJR.png
IR,0,Iran Air,https://images.kiwi.com/airlines/64/IR.png
ZZ,0,Zz,https://images.kiwi.com/airlines/64/ZZ.png
5E,0,SGA Airlines,https://images.kiwi.com/airlines/64/5E.png
JM,0,Jambojet,https://images.kiwi.com/airlines/64/JM.png
IZ,1,Arkia,https://images.kiwi.com/airlines/64/IZ.png
HD,1,Air Do,https://images.kiwi.com/airlines/64/HD.png
CI,0,China Airlines,https://images.kiwi.com/airlines/64/CI.png
5H,1,Fly540,https://images.kiwi.com/airlines/64/5H.png
QG,1,Citilink,https://images.kiwi.com/airlines/64/QG.png
K6,0,Cambodia Angkor Air,https://images.kiwi.com/airlines/64/K6.png
LB,1,Air Costa,https://images.kiwi.com/airlines/64/LB.png
Q6,0,Volaris Costa Rica,https://images.kiwi.com/airlines/64/Q6.png
F8,0,Flair Airlines,https://images.kiwi.com/airlines/64/F8.png
AE,0,Mandarin Airlines,https://images.kiwi.com/airlines/64/AE.png
DG,0,CebGo,https://images.kiwi.com/airlines/64/DG.png
OE,1,LaudaMotion,https://images.kiwi.com/airlines/64/OE.png
XG,0,SunExpress,https://images.kiwi.com/airlines/64/XG.png
IW,0,Wings Air,https://images.kiwi.com/airlines/64/IW.png
CZ,0,China Southern Airlines,https://images.kiwi.com/airlines/64/CZ.png
3C,None,Air Chathams Limited 3C,https://images.kiwi.com/airlines/64/3C.png
K8,0,Kan Air,https://images.kiwi.com/airlines/64/K8.png
O1,0,Orbit Airlines Azerbaijan,https://images.kiwi.com/airlines/64/O1.png
EE,0,RegionalJet,https://images.kiwi.com/airlines/64/EE.png
YE,0,Yan Air,https://images.kiwi.com/airlines/64/YE.png
AA,0,American Airlines,https://images.kiwi.com/airlines/64/AA.png
9K,1,Cape Air,https://images.kiwi.com/airlines/64/9K.png
RO,0,Tarom,https://images.kiwi.com/airlines/64/RO.png
A1,0,Atifly,https://images.kiwi.com/airlines/64/A1.png
9X,1,Southern Airways Express,https://images.kiwi.com/airlines/64/9X.png
Z9,0,Bek Air,https://images.kiwi.com/airlines/64/Z9.png
Z8,1,Amaszonas,https://images.kiwi.com/airlines/64/Z8.png
TN,0,Air Tahiti Nui,https://images.kiwi.com/airlines/64/TN.png
76,0,Southjet,https://images.kiwi.com/airlines/64/76.png
77,0,Southjet connect,https://images.kiwi.com/airlines/64/77.png
AO,0,Avianova (Russia),https://images.kiwi.com/airlines/64/AO.png
P6,0,Pascan Aviation,https://images.kiwi.com/airlines/64/P6.png
CC,0,CM Airlines,https://images.kiwi.com/airlines/64/CC.png
KM,0,Air Malta,https://images.kiwi.com/airlines/64/KM.png
GR,0,Aurigny Air Services,https://images.kiwi.com/airlines/64/GR.png
RK,0,Air Afrique,https://images.kiwi.com/airlines/64/RK.png
QL,1,Laser Air,https://images.kiwi.com/airlines/64/QL.png
CJ,0,BA CityFlyer,https://images.kiwi.com/airlines/64/CJ.png
9L,0,Colgan Air,https://images.kiwi.com/airlines/64/9L.png
OH,0,Comair,https://images.kiwi.com/airlines/64/OH.png
JE,1,Mango,https://images.kiwi.com/airlines/64/JE.png
TG,0,Thai Airways International,https://images.kiwi.com/airlines/64/TG.png
VN,0,Vietnam Airlines,https://images.kiwi.com/airlines/64/VN.png
OB,1,Boliviana de Aviación,https://images.kiwi.com/airlines/64/OB.png
OS,0,Austrian Airlines,https://images.kiwi.com/airlines/64/OS.png
C7,1,Cinnamon Air,https://images.kiwi.com/airlines/64/C7.png
VB,1,VivaAerobus,https://images.kiwi.com/airlines/64/VB.png
UX,0,Air Europa,https://images.kiwi.com/airlines/64/UX.png
FR,1,Ryanair,https://images.kiwi.com/airlines/64/FR.png
SW,0,Air Namibia,https://images.kiwi.com/airlines/64/SW.png
WW,1,WOW air,https://images.kiwi.com/airlines/64/WW.png
SQS,None,Susi Air,https://images.kiwi.com/airlines/64/SQS.png
QX,0,Horizon Air,https://images.kiwi.com/airlines/64/QX.png
P0,0,Proflight Zambia,https://images.kiwi.com/airlines/64/P0.png
SA,0,South African Airways,https://images.kiwi.com/airlines/64/SA.png
YU,0,EuroAtlantic Airways,https://images.kiwi.com/airlines/64/YU.png
NJ,0,Nordic Global Airlines,https://images.kiwi.com/airlines/64/NJ.png
9M,0,Central Mountain Air,https://images.kiwi.com/airlines/64/9M.png
5D,0,Aerolitoral,https://images.kiwi.com/airlines/64/5D.png
EF,1,EasyFly,https://images.kiwi.com/airlines/64/EF.png
KI,1,KrasAvia,https://images.kiwi.com/airlines/64/KI.png
XL,0,LATAM Ecuador,https://images.kiwi.com/airlines/64/XL.png
V3,0,Carpatair,https://images.kiwi.com/airlines/64/V3.png
R4,0,Rossiya,https://images.kiwi.com/airlines/64/R4.png
6T,1,Air Mandalay,https://images.kiwi.com/airlines/64/6T.png
ES,0,Estelar Latinoamerica,https://images.kiwi.com/airlines/64/ES.png
7N,0,Pawa Dominicana,https://images.kiwi.com/airlines/64/7N.png
U6,1,Ural Airlines,https://images.kiwi.com/airlines/64/U6.png
2C,0,SNCF,https://images.kiwi.com/airlines/64/2C.png
WK,0,Edelweiss Air,https://images.kiwi.com/airlines/64/WK.png
ATV,None,Avanti Air,https://images.kiwi.com/airlines/64/ATV.png
2J,0,Air Burkina,https://images.kiwi.com/airlines/64/2J.png
X5,None,Air Europa express,https://images.kiwi.com/airlines/64/X5.png
WN,1,Southwest Airlines,https://images.kiwi.com/airlines/64/WN.png
NK,1,Spirit Airlines,https://images.kiwi.com/airlines/64/NK.png
A3,1,Aegean,https://images.kiwi.com/airlines/64/A3.png
SM,1,Air Cairo,https://images.kiwi.com/airlines/64/SM.png
6S,0,SaudiGulf Airlines,https://images.kiwi.com/airlines/64/6S.png
KY,0,Kunming Airlines,https://images.kiwi.com/airlines/64/KY.png
P5,0,Wingo airlines,https://images.kiwi.com/airlines/64/P5.png
RRV,None,Mombasa Air Safari,https://images.kiwi.com/airlines/64/RRV.png
RY,1,Air Jiangxi,https://images.kiwi.com/airlines/64/RY.png
Z7,1,Amaszonas Uruguay,https://images.kiwi.com/airlines/64/Z7.png
OW,None,Skyward Express Limited,https://images.kiwi.com/airlines/64/OW.png
H3,0,Harbour Air (Priv),https://images.kiwi.com/airlines/64/H3.png
BZ,0,Blue Bird Airways,https://images.kiwi.com/airlines/64/BZ.png
F4,None,Air Flamenco,https://images.kiwi.com/airlines/64/F4.png
O4,None,Orange2Fly,https://images.kiwi.com/airlines/64/O4.png
BP,0,Air Botswana,https://images.kiwi.com/airlines/64/BP.png
BI,0,Royal Brunei Airlines,https://images.kiwi.com/airlines/64/BI.png
V8,0,ATRAN Cargo Airlines,https://images.kiwi.com/airlines/64/V8.png
CW,0,Air Marshall Islands,https://images.kiwi.com/airlines/64/CW.png
ZJ,0,Zambezi Airlines (ZMA),https://images.kiwi.com/airlines/64/ZJ.png
GP,0,APG Airlines,https://images.kiwi.com/airlines/64/GP.png
S7,0,S7 Airlines,https://images.kiwi.com/airlines/64/S7.png
MW,0,Mokulele Flight Service,https://images.kiwi.com/airlines/64/MW.png
IG,1,Air Italy,https://images.kiwi.com/airlines/64/IG.png
6F,1,Primera Air Nordic,https://images.kiwi.com/airlines/64/6F.png
ZP,0,Amaszonas del Paraguay S.A. Lineas Aereas,https://images.kiwi.com/airlines/64/ZP.png
K5,0,Silverstone Air,https://images.kiwi.com/airlines/64/K5.png
Y6,None,AB Aviation,https://images.kiwi.com/airlines/64/Y6.png
RV,0,Caspian Airlines,https://images.kiwi.com/airlines/64/RV.png
C0,0,Centralwings,https://images.kiwi.com/airlines/64/C0.png
Y5,1,Golden Myanmar Airlines,https://images.kiwi.com/airlines/64/Y5.png
YT,0,Yeti Airways,https://images.kiwi.com/airlines/64/YT.png
7D,None,Madagasikara Airways,https://images.kiwi.com/airlines/64/7D.png
9H,0,Air Changan,https://images.kiwi.com/airlines/64/9H.png
WT,None,Wasaya Airways,https://images.kiwi.com/airlines/64/WT.png
B3,0,Bhutan Airlines,https://images.kiwi.com/airlines/64/B3.png
QN,None,Skytrans,https://images.kiwi.com/airlines/64/QN.png
U3,0,Avies,https://images.kiwi.com/airlines/64/U3.png
IS,0,Fly Ais Airlines,https://images.kiwi.com/airlines/64/IS.png
J2,0,Azerbaijan Airlines,https://images.kiwi.com/airlines/64/J2.png
FI,0,Icelandair,https://images.kiwi.com/airlines/64/FI.png
FP,0,Pelican Airlines,https://images.kiwi.com/airlines/64/FP.png
A8,None,Aerolink Uganda,https://images.kiwi.com/airlines/64/A8.png
IF,0,Fly Baghdad Airlines,https://images.kiwi.com/airlines/64/IF.png
SC,0,Shandong Airlines,https://images.kiwi.com/airlines/64/SC.png
R3,1,Yakutia Airlines,https://images.kiwi.com/airlines/64/R3.png
R6,0,RACSA,https://images.kiwi.com/airlines/64/R6.png
RW,0,Republic Airlines,https://images.kiwi.com/airlines/64/RW.png
JZ,0,Skyways Express,https://images.kiwi.com/airlines/64/JZ.png
T2,0,Thai Air Cargo,https://images.kiwi.com/airlines/64/T2.png
C2,0,CanXplorer,https://images.kiwi.com/airlines/64/C2.png
DF,0,Michael Airlines,https://images.kiwi.com/airlines/64/DF.png
Q5,0,40-Mile Air,https://images.kiwi.com/airlines/64/Q5.png
NQ,0,Air Japan,https://images.kiwi.com/airlines/64/NQ.png
EP,0,Iran Aseman Airlines,https://images.kiwi.com/airlines/64/EP.png
IE,0,Solomon Airlines,https://images.kiwi.com/airlines/64/IE.png
SH,0,Sharp Airlines,https://images.kiwi.com/airlines/64/SH.png
V5,0,Aerovías DAP,https://images.kiwi.com/airlines/64/V5.png
4A,0,Air Kiribati,https://images.kiwi.com/airlines/64/4A.png
T5,0,Turkmenistan Airlines,https://images.kiwi.com/airlines/64/T5.png
XF,0,Vladivostok Air,https://images.kiwi.com/airlines/64/XF.png
LC,0,Varig Log,https://images.kiwi.com/airlines/64/LC.png
7W,0,Windrose Airlines,https://images.kiwi.com/airlines/64/7W.png
KP,0,ASKY Airlines,https://images.kiwi.com/airlines/64/KP.png
PKP,None,PKP Intercity,https://images.kiwi.com/airlines/64/PKP.png
EG,0,Ernest Airlines,https://images.kiwi.com/airlines/64/EG.png
HP,0,America West Airlines,https://images.kiwi.com/airlines/64/HP.png
F7,0,Etihad Regional,https://images.kiwi.com/airlines/64/F7.png
6H,0,Israir,https://images.kiwi.com/airlines/64/6H.png
TZ,1,Scoot - old,https://images.kiwi.com/airlines/64/TZ.png
WC,0,Avianca Honduras,https://images.kiwi.com/airlines/64/WC.png
MT,1,Thomas Cook Airlines,https://images.kiwi.com/airlines/64/MT.png
6I,0,Alsie Express,https://images.kiwi.com/airlines/64/6I.png
S2,0,Jet Konnect,https://images.kiwi.com/airlines/64/S2.png
ID,1,Batik Air,https://images.kiwi.com/airlines/64/ID.png
VZ,0,Thai Vietjet,https://images.kiwi.com/airlines/64/VZ.png
I2,0,Iberia Express,https://images.kiwi.com/airlines/64/I2.png
HY,0,Uzbekistan Airways,https://images.kiwi.com/airlines/64/HY.png
8V,0,Astral Aviation,https://images.kiwi.com/airlines/64/8V.png
8T,0,Air Tindi,https://images.kiwi.com/airlines/64/8T.png
ZW,0,Air Wisconsin,https://images.kiwi.com/airlines/64/ZW.png
GI,0,Itek Air,https://images.kiwi.com/airlines/64/GI.png
JD,0,Beijing Capital Airlines,https://images.kiwi.com/airlines/64/JD.png
V2,0,Vision Airlines,https://images.kiwi.com/airlines/64/V2.png
ZV,1,V Air,https://images.kiwi.com/airlines/64/ZV.png
U9,0,Tatarstan Airlines,https://images.kiwi.com/airlines/64/U9.png
JC,0,JAL Express,https://images.kiwi.com/airlines/64/JC.png
UB,0,Myanmar National Airlines,https://images.kiwi.com/airlines/64/UB.png
DS,0,EasyJet (DS),https://images.kiwi.com/airlines/64/DS.png
6O,0,Orbest,https://images.kiwi.com/airlines/64/6O.png
YN,0,Air Creebec,https://images.kiwi.com/airlines/64/YN.png
TM,0,LAM Mozambique Airlines,https://images.kiwi.com/airlines/64/TM.png
7V,0,Federal Airlines,https://images.kiwi.com/airlines/64/7V.png
VD,0,Air Libert,https://images.kiwi.com/airlines/64/VD.png
JO,0,JALways,https://images.kiwi.com/airlines/64/JO.png
E2,0,Eurowings Europe,https://images.kiwi.com/airlines/64/E2.png
PB,0,Provincial Airlines,https://images.kiwi.com/airlines/64/PB.png
V4,0,Vieques Air Link,https://images.kiwi.com/airlines/64/V4.png
P1,0,Regional Sky,https://images.kiwi.com/airlines/64/P1.png
0V,0,VASCO,https://images.kiwi.com/airlines/64/0V.png
PX,0,Air Niugini,https://images.kiwi.com/airlines/64/PX.png
N6,0,Nomad Aviation,https://images.kiwi.com/airlines/64/N6.png
ZD,0,EWA Air,https://images.kiwi.com/airlines/64/ZD.png
4W,0,Allied Air,https://images.kiwi.com/airlines/64/4W.png
VH,0,Viva Air,https://images.kiwi.com/airlines/64/VH.png
ML,1,Air Mediterranee,https://images.kiwi.com/airlines/64/ML.png
B1,0,Baltic Air lines,https://images.kiwi.com/airlines/64/B1.png
TO,0,Transavia France,https://images.kiwi.com/airlines/64/TO.png
P9,1,Peruvian Airlines,https://images.kiwi.com/airlines/64/P9.png
JA,0,JetSMART,https://images.kiwi.com/airlines/64/JA.png
TT,1,Tiger Airways Australia,https://images.kiwi.com/airlines/64/TT.png
6R,1,Alrosa,https://images.kiwi.com/airlines/64/6R.png
J1,0,One Jet,https://images.kiwi.com/airlines/64/J1.png
7I,1,Insel Air,https://images.kiwi.com/airlines/64/7I.png
7J,1,Tajik Air,https://images.kiwi.com/airlines/64/7J.png
AV,0,Avianca,https://images.kiwi.com/airlines/64/AV.png
ST,1,Germania,https://images.kiwi.com/airlines/64/ST.png
DB,0,Brit Air,https://images.kiwi.com/airlines/64/DB.png
JU,0,Air Serbia,https://images.kiwi.com/airlines/64/JU.png
F2,0,Safarilink Aviation,https://images.kiwi.com/airlines/64/F2.png
UL,0,SriLankan Airlines,https://images.kiwi.com/airlines/64/UL.png
9N,0,Tropic Air Limited,https://images.kiwi.com/airlines/64/9N.png
PN,1,West Air China,https://images.kiwi.com/airlines/64/PN.png
HX,1,Hong Kong Airlines,https://images.kiwi.com/airlines/64/HX.png
J7,1,Afrijet Business Service,https://images.kiwi.com/airlines/64/J7.png
AW,1,Africa World Airlines,https://images.kiwi.com/airlines/64/AW.png
EL,1,Ellinair,https://images.kiwi.com/airlines/64/EL.png
DR,1,Ruili Airlines,https://images.kiwi.com/airlines/64/DR.png
K9,1,KrasAvia (old iata),https://images.kiwi.com/airlines/64/K9.png
OR,1,TUI Airlines Netherlands,https://images.kiwi.com/airlines/64/OR.png
5C,1,Nature Air,https://images.kiwi.com/airlines/64/5C.png
8L,1,Lucky air,https://images.kiwi.com/airlines/64/8L.png
EB,1,Wamos Air,https://images.kiwi.com/airlines/64/EB.png
WS,1,WestJet,https://images.kiwi.com/airlines/64/WS.png
YC,1,Yamal Air,https://images.kiwi.com/airlines/64/YC.png
JX,1,Starlux Airlines,https://images.kiwi.com/airlines/64/JX.png
5O,0,ASL Airlines France,https://images.kiwi.com/airlines/64/5O.png
S8,1,SkyWise,https://images.kiwi.com/airlines/64/S8.png
JEFFERSON,None,Jefferson Lines,https://images.kiwi.com/airlines/64/JEFFERSON.png
SG,1,Spicejet,https://images.kiwi.com/airlines/64/SG.png
XY,1,flynas,https://images.kiwi.com/airlines/64/XY.png
9C,1,Spring Airlines,https://images.kiwi.com/airlines/64/9C.png
DV,1,Scat Airlines,https://images.kiwi.com/airlines/64/DV.png
GT,1,Air Guilin,https://images.kiwi.com/airlines/64/GT.png
AB,1,Air Berlin,https://images.kiwi.com/airlines/64/AB.png
9W,0,Jet Airways,https://images.kiwi.com/airlines/64/9W.png
MJ,1,Myway Airlines,https://images.kiwi.com/airlines/64/MJ.png
VJ,1,VietJet Air,https://images.kiwi.com/airlines/64/VJ.png
YZ,0,Alas Uruguay,https://images.kiwi.com/airlines/64/YZ.png
NL,1,Shaheen Air International,https://images.kiwi.com/airlines/64/NL.png
FA,1,Fly Safair,https://images.kiwi.com/airlines/64/FA.png
BM,0,flybmi,https://images.kiwi.com/airlines/64/BM.png
PF,1,Primera Air,https://images.kiwi.com/airlines/64/PF.png
JV,0,Perimeter Aviation,https://images.kiwi.com/airlines/64/JV.png
3Q,0,Yunnan Airlines,https://images.kiwi.com/airlines/64/3Q.png
LJ,1,Jin Air,https://images.kiwi.com/airlines/64/LJ.png
OD,1,Malindo Air,https://images.kiwi.com/airlines/64/OD.png
KK,1,AtlasGlobal,https://images.kiwi.com/airlines/64/KK.png
BC,1,Skymark Airlines,https://images.kiwi.com/airlines/64/BC.png
KQ,0,Kenya Airways,https://images.kiwi.com/airlines/64/KQ.png
KL,0,KLM Royal Dutch Airlines,https://images.kiwi.com/airlines/64/KL.png
IX,1,Air India Express,https://images.kiwi.com/airlines/64/IX.png
K7,0,Air KBZ,https://images.kiwi.com/airlines/64/K7.png
ZI,0,Aigle Azur,https://images.kiwi.com/airlines/64/ZI.png
8A,0,Atlas Blue,https://images.kiwi.com/airlines/64/8A.png
LX,0,Swiss International Air Lines,https://images.kiwi.com/airlines/64/LX.png
9V,0,Avior Airlines,https://images.kiwi.com/airlines/64/9V.png
G9,1,Air Arabia,https://images.kiwi.com/airlines/64/G9.png
5Z,1,Cem Air,https://images.kiwi.com/airlines/64/5Z.png
Z6,1,Dniproavia,https://images.kiwi.com/airlines/64/Z6.png
XN,0,Xpressair,https://images.kiwi.com/airlines/64/XN.png
CA,0,Air China,https://images.kiwi.com/airlines/64/CA.png
N4,0,Nordwind Airlines,https://images.kiwi.com/airlines/64/N4.png
MO,1,Calm Air,https://images.kiwi.com/airlines/64/MO.png
X9,0,Fake Airline,https://images.kiwi.com/airlines/64/X9.png
NZ,1,Air New Zealand,https://images.kiwi.com/airlines/64/NZ.png
VQ,1,Novoair,https://images.kiwi.com/airlines/64/VQ.png
KX,0,Cayman Airways,https://images.kiwi.com/airlines/64/KX.png
CO,0,Cobalt Air,https://images.kiwi.com/airlines/64/CO.png
WB,0,Rwandair Express,https://images.kiwi.com/airlines/64/WB.png
SI,0,Blue Islands,https://images.kiwi.com/airlines/64/SI.png
8R,1,Sol Líneas Aéreas,https://images.kiwi.com/airlines/64/8R.png
I4,0,I-Fly,https://images.kiwi.com/airlines/64/I4.png
YJ,1,Asian Wings Air,https://images.kiwi.com/airlines/64/YJ.png
RX,1,Regent Airways,https://images.kiwi.com/airlines/64/RX.png
2G,1,Angara airlines,https://images.kiwi.com/airlines/64/2G.png
7R,1,Rusline,https://images.kiwi.com/airlines/64/7R.png
JW,1,Vanilla Air,https://images.kiwi.com/airlines/64/JW.png
5N,1,Smartavia,https://images.kiwi.com/airlines/64/5N.png
BX,1,Air Busan,https://images.kiwi.com/airlines/64/BX.png
W4,1,LC Perú,https://images.kiwi.com/airlines/64/W4.png
G3,1,Gol Transportes Aéreos,https://images.kiwi.com/airlines/64/G3.png
DP,1,Pobeda,https://images.kiwi.com/airlines/64/DP.png
PW,0,Precision Air,https://images.kiwi.com/airlines/64/PW.png
JQ,1,Jetstar Airways,https://images.kiwi.com/airlines/64/JQ.png
5K,0,Hi Fly,https://images.kiwi.com/airlines/64/5K.png
BJ,0,NouvelAir,https://images.kiwi.com/airlines/64/BJ.png
CM,0,Copa Airlines,https://images.kiwi.com/airlines/64/CM.png
8M,0,Myanmar Airways,https://images.kiwi.com/airlines/64/8M.png
B6,1,JetBlue Airways,https://images.kiwi.com/airlines/64/B6.png
ME,0,Middle East Airlines,https://images.kiwi.com/airlines/64/ME.png
OZ,0,Asiana Airlines,https://images.kiwi.com/airlines/64/OZ.png
KU,0,Kuwait Airways,https://images.kiwi.com/airlines/64/KU.png
OJ,0,Fly Jamaica Airways,https://images.kiwi.com/airlines/64/OJ.png
3S,0,Air Antilles Express,https://images.kiwi.com/airlines/64/3S.png
TL,1,Airnorth,https://images.kiwi.com/airlines/64/TL.png
QK,0,Air Canada Jazz,https://images.kiwi.com/airlines/64/QK.png
VW,0,Aeromar,https://images.kiwi.com/airlines/64/VW.png
QW,0,Qingdao Airlines,https://images.kiwi.com/airlines/64/QW.png
WP,0,Island Air,https://images.kiwi.com/airlines/64/WP.png
CF,0,City Airline,https://images.kiwi.com/airlines/64/CF.png
HO,1,Juneyao Airlines,https://images.kiwi.com/airlines/64/HO.png
KD,0,Kalstar Aviation,https://images.kiwi.com/airlines/64/KD.png
QS,1,SmartWings,https://images.kiwi.com/airlines/64/QS.png
TR,1,Scoot,https://images.kiwi.com/airlines/64/TR.png
6W,1,Saratov Aviation Division,https://images.kiwi.com/airlines/64/6W.png
B0,0,Aws express,https://images.kiwi.com/airlines/64/B0.png
3M,1,Silver Airways,https://images.kiwi.com/airlines/64/3M.png
IP,0,Island Spirit,https://images.kiwi.com/airlines/64/IP.png
1D,1,Aerolinea de Antioquia,https://images.kiwi.com/airlines/64/1D.png
UK,0,Air Vistara,https://images.kiwi.com/airlines/64/UK.png
AQ,1,9 Air,https://images.kiwi.com/airlines/64/AQ.png
SK,0,SAS,https://images.kiwi.com/airlines/64/SK.png
DY,1,Norwegian,https://images.kiwi.com/airlines/64/DY.png
UO,1,Hong Kong Express Airways,https://images.kiwi.com/airlines/64/UO.png
AF,0,Air France,https://images.kiwi.com/airlines/64/AF.png
TP,0,TAP Portugal,https://images.kiwi.com/airlines/64/TP.png
AI,0,Air India Limited,https://images.kiwi.com/airlines/64/AI.png
VY,1,Vueling,https://images.kiwi.com/airlines/64/VY.png
JL,0,Japan Airlines,https://images.kiwi.com/airlines/64/JL.png
KC,0,Air Astana,https://images.kiwi.com/airlines/64/KC.png
SN,0,Brussels Airlines,https://images.kiwi.com/airlines/64/SN.png
FC,1,Fly Corporate,https://images.kiwi.com/airlines/64/FC.png
TF,0,Braathens Regional Aviation,https://images.kiwi.com/airlines/64/TF.png
TB,1,tuifly.be,https://images.kiwi.com/airlines/64/TB.png
EW,1,Eurowings,https://images.kiwi.com/airlines/64/EW.png
IB,0,Iberia Airlines,https://images.kiwi.com/airlines/64/IB.png
Q7,0,Sky Bahamas,https://images.kiwi.com/airlines/64/Q7.png
7M,0,MAP Linhas Aéreas,https://images.kiwi.com/airlines/64/7M.png
FO,1,Flybondi,https://images.kiwi.com/airlines/64/FO.png
CP,0,Compass Airlines,https://images.kiwi.com/airlines/64/CP.png
9R,1,SATENA,https://images.kiwi.com/airlines/64/9R.png
FD,0,Thai AirAsia,https://images.kiwi.com/airlines/64/FD.png
FZ,1,Fly Dubai,https://images.kiwi.com/airlines/64/FZ.png
X3,1,TUIfly,https://images.kiwi.com/airlines/64/X3.png
TK,0,Turkish Airlines,https://images.kiwi.com/airlines/64/TK.png
7H,1,Ravn Alaska,https://images.kiwi.com/airlines/64/7H.png
D8,0,Norwegian International,https://images.kiwi.com/airlines/64/D8.png
JP,0,Adria Airways,https://images.kiwi.com/airlines/64/JP.png
BURLINGTON,None,Burlington Trailways,https://images.kiwi.com/airlines/64/BURLINGTON.png
2Z,1,Passaredo,https://images.kiwi.com/airlines/64/2Z.png
CN,0,Canadian National Airways,https://images.kiwi.com/airlines/64/CN.png
WM,0,Windward Islands Airways,https://images.kiwi.com/airlines/64/WM.png
PC,1,Pegasus,https://images.kiwi.com/airlines/64/PC.png
LK,0,Lao Skyway,https://images.kiwi.com/airlines/64/LK.png
RP,0,Chautauqua Airlines,https://images.kiwi.com/airlines/64/RP.png
LY,1,El Al Israel Airlines,https://images.kiwi.com/airlines/64/LY.png
F9,1,Frontier Airlines,https://images.kiwi.com/airlines/64/F9.png
3L,1,Intersky,https://images.kiwi.com/airlines/64/3L.png
J9,1,Jazeera Airways,https://images.kiwi.com/airlines/64/J9.png
UE,0,Nasair,https://images.kiwi.com/airlines/64/UE.png
DH,0,Dennis Sky,https://images.kiwi.com/airlines/64/DH.png
TW,1,Tway Airlines,https://images.kiwi.com/airlines/64/TW.png
3H,1,AirInuit,https://images.kiwi.com/airlines/64/3H.png
W6,1,Wizzair,https://images.kiwi.com/airlines/64/W6.png
Y4,1,Volaris,https://images.kiwi.com/airlines/64/Y4.png
6E,1,IndiGo Airlines,https://images.kiwi.com/airlines/64/6E.png
PG,1,Bangkok Airways,https://images.kiwi.com/airlines/64/PG.png
DD,1,Nok Air,https://images.kiwi.com/airlines/64/DD.png
FY,1,Firefly,https://images.kiwi.com/airlines/64/FY.png
ED,1,Airblue,https://images.kiwi.com/airlines/64/ED.png
FN,1,Fastjet,https://images.kiwi.com/airlines/64/FN.png
JT,1,Lion Air,https://images.kiwi.com/airlines/64/JT.png
YB,1,BoraJet,https://images.kiwi.com/airlines/64/YB.png
7C,1,Jeju Air,https://images.kiwi.com/airlines/64/7C.png
SL,1,Thai Lion Air,https://images.kiwi.com/airlines/64/SL.png
C9,1,SkyWise,https://images.kiwi.com/airlines/64/C9.png
AZ,0,Alitalia,https://images.kiwi.com/airlines/64/AZ.png
AR,0,Aerolineas Argentinas,https://images.kiwi.com/airlines/64/AR.png
4O,1,Interjet,https://images.kiwi.com/airlines/64/4O.png
AM,0,AeroMéxico,https://images.kiwi.com/airlines/64/AM.png
H2,1,Sky Airline,https://images.kiwi.com/airlines/64/H2.png
5J,1,Cebu Pacific,https://images.kiwi.com/airlines/64/5J.png
BV,1,Blue Panorama,https://images.kiwi.com/airlines/64/BV.png
DE,1,Condor,https://images.kiwi.com/airlines/64/DE.png
QZ,0,Indonesia AirAsia,https://images.kiwi.com/airlines/64/QZ.png
U2,1,easyJet,https://images.kiwi.com/airlines/64/U2.png
4U,1,germanwings,https://images.kiwi.com/airlines/64/4U.png
3K,0,Jetstar Asia Airways,https://images.kiwi.com/airlines/64/3K.png
DL,0,Delta Air Lines,https://images.kiwi.com/airlines/64/DL.png
UT,1,UTair,https://images.kiwi.com/airlines/64/UT.png
HA,0,Hawaiian Airlines,https://images.kiwi.com/airlines/64/HA.png
WG,1,Sunwing,https://images.kiwi.com/airlines/64/WG.png
R2,1,Orenburg Airlines,https://images.kiwi.com/airlines/64/R2.png
UN,1,Transaero Airlines,https://images.kiwi.com/airlines/64/UN.png
AK,1,AirAsia,https://images.kiwi.com/airlines/64/AK.png
SJ,0,Sriwijaya Air,https://images.kiwi.com/airlines/64/SJ.png
SQ,0,Singapore Airlines,https://images.kiwi.com/airlines/64/SQ.png
UP,1,Bahamasair,https://images.kiwi.com/airlines/64/UP.png
BA,0,British Airways,https://images.kiwi.com/airlines/64/BA.png
SU,0,Aeroflot Russian Airlines,https://images.kiwi.com/airlines/64/SU.png
EQ,0,TAME,https://images.kiwi.com/airlines/64/EQ.png
BW,0,Caribbean Airlines,https://images.kiwi.com/airlines/64/BW.png
GA,0,Garuda Indonesia,https://images.kiwi.com/airlines/64/GA.png
ET,0,Ethiopian Airlines,https://images.kiwi.com/airlines/64/ET.png
HV,1,Transavia,https://images.kiwi.com/airlines/64/HV.png
G8,1,Go Air,https://images.kiwi.com/airlines/64/G8.png
UJ,0,AlMasria Universal Airlines,https://images.kiwi.com/airlines/64/UJ.png
BF,0,French Bee,https://images.kiwi.com/airlines/64/BF.png
Q9,0,Wataniya Airways,https://images.kiwi.com/airlines/64/Q9.png
EU,0,Chengdu Airlines,https://images.kiwi.com/airlines/64/EU.png
EMT,None,Emetebe Airlines,https://images.kiwi.com/airlines/64/EMT.png
KA,0,Cathay Dragon,https://images.kiwi.com/airlines/64/KA.png
XR,0,Corendon Airlines Europe,https://images.kiwi.com/airlines/64/XR.png
DC,1,Braathens Regional Airways,https://images.kiwi.com/airlines/64/DC.png
I3,None,ATA Airlines (Iran),https://images.kiwi.com/airlines/64/I3.png
ZO,None,Zagros Airlines,https://images.kiwi.com/airlines/64/ZO.png
B5,0,East African,https://images.kiwi.com/airlines/64/B5.png
BT,1,airBaltic,https://images.kiwi.com/airlines/64/BT.png
HZ,0,Aurora Airlines,https://images.kiwi.com/airlines/64/HZ.png
MM,1,Peach Aviation,https://images.kiwi.com/airlines/64/MM.png
HH,0,Taban Airlines,https://images.kiwi.com/airlines/64/HH.png
OL,0,Samoa Airways,https://images.kiwi.com/airlines/64/OL.png
5W,0,WESTBahn,https://images.kiwi.com/airlines/64/5W.png
GL,0,Air Greenland,https://images.kiwi.com/airlines/64/GL.png
LM,0,LoganAir LM,https://images.kiwi.com/airlines/64/LM.png
BL,0,Jetstar Pacific,https://images.kiwi.com/airlines/64/BL.png
IJ,None,Spring Airlines Japan,https://images.kiwi.com/airlines/64/IJ.png
BE,1,flybe,https://images.kiwi.com/airlines/64/BE.png
S0,1,Aerolineas Sosa,https://images.kiwi.com/airlines/64/S0.png
AG,0,Aruba Airlines,https://images.kiwi.com/airlines/64/AG.png
GX,1,GX airlines,https://images.kiwi.com/airlines/64/GX.png
PR,0,Philippine Airlines,https://images.kiwi.com/airlines/64/PR.png
UQ,0,Urumqi Airlines,https://images.kiwi.com/airlines/64/UQ.png
UG,0,TunisAir Express,https://images.kiwi.com/airlines/64/UG.png
K2,0,EuroLot,https://images.kiwi.com/airlines/64/K2.png
VE,0,VE,https://images.kiwi.com/airlines/64/VE.png
D9,0,Aeroflot-Don,https://images.kiwi.com/airlines/64/D9.png
IT,0,Tigerair Taiwan,https://images.kiwi.com/airlines/64/IT.png
ZK,0,Great Lakes Airlines,https://images.kiwi.com/airlines/64/ZK.png
HR,0,Hahn Airlines,https://images.kiwi.com/airlines/64/HR.png
HU,0,Hainan Airlines,https://images.kiwi.com/airlines/64/HU.png
PY,0,Surinam Airways,https://images.kiwi.com/airlines/64/PY.png
7B,0,Fly Blue Crane,https://images.kiwi.com/airlines/64/7B.png
LW,0,Latin American Wings,https://images.kiwi.com/airlines/64/LW.png
RI,0,Mandala Airlines,https://images.kiwi.com/airlines/64/RI.png
Q8,0,Trans Air Congo,https://images.kiwi.com/airlines/64/Q8.png
XC,1,Corendon,https://images.kiwi.com/airlines/64/XC.png
WE,1,Thai Smile,https://images.kiwi.com/airlines/64/WE.png
PL,0,Southern Air Charter,https://images.kiwi.com/airlines/64/PL.png
AT,0,Royal Air Maroc,https://images.kiwi.com/airlines/64/AT.png
BR,1,EVA Air,https://images.kiwi.com/airlines/64/BR.png
MH,1,Malaysia Airlines,https://images.kiwi.com/airlines/64/MH.png
OX,1,Orient Thai Airlines,https://images.kiwi.com/airlines/64/OX.png
S4,0,SATA Azores Airlines,https://images.kiwi.com/airlines/64/S4.png
7T,0,Trenitalia,https://images.kiwi.com/airlines/64/7T.png
VS,0,Virgin Atlantic Airways,https://images.kiwi.com/airlines/64/VS.png
GQ,0,Sky Express,https://images.kiwi.com/airlines/64/GQ.png
2A,0,Deutsche Bahn,https://images.kiwi.com/airlines/64/2A.png
5G,0,MAYAir,https://images.kiwi.com/airlines/64/5G.png
WD,0,Amsterdam Airlines,https://images.kiwi.com/airlines/64/WD.png
Z4,0,Ibom Air,https://images.kiwi.com/airlines/64/Z4.png
ZB,1,Air Albania,https://images.kiwi.com/airlines/64/ZB.png
P4,0,Air Peace Limited,https://images.kiwi.com/airlines/64/P4.png
W7,0,Wings of Lebanon,https://images.kiwi.com/airlines/64/W7.png
RS,0,Air Seoul,https://images.kiwi.com/airlines/64/RS.png
NH,0,Nippon Airlines,https://images.kiwi.com/airlines/64/NH.png