https://pix2.agoda.net/hotelimages/1/-1/0ff4876f93688b8adcbed487b5a2175d.jpg?s=420x,
https://pix1.agoda.net/hotelimages/1/-1/d821f80943f96ebda33f5a019fa94df4.jpg?s=420x,
https://pix4.agoda.net/hotelimages/1/-1/59241704e99027895aa6293d734c9fb1.jpg?s=420x,
https://pix5.agoda.net/hotelimages/1/-1/fce5d70fac02fcb7aa25f31dd25850a8.jpg?s=420x,
https://pix1.agoda.net/hotelimages/1/-1/7952a908de348304417552246f9039de.jpg?s=420x,
https://pix4.agoda.net/hotelimages/6/6/6_1112201742005261861.jpg?s=420x,
https://pix2.agoda.net/hotelimages/6/6/6_1201211018006071850.jpg?s=420x,
https://pix5.agoda.net/hotelimages/6/6/6_0905131455001101926.jpg?s=420x,
https://pix1.agoda.net/hotelimages/6/6/6_0905131455001101927.jpg?s=420x,
https://pix4.agoda.net/hotelimages/6/6/6_0905131455001101930.jpg?s=420x,
https://pix2.agoda.net/hotelimages/1/-1/0ff4876f93688b8adcbed487b5a2175d.jpg?s=420x,
https://pix1.agoda.net/hotelimages/1/-1/d821f80943f96ebda33f5a019fa94df4.jpg?s=420x,
https://pix4.agoda.net/hotelimages/1/-1/59241704e99027895aa6293d734c9fb1.jpg?s=420x,
https://pix5.agoda.net/hotelimages/1/-1/fce5d70fac02fcb7aa25f31dd25850a8.jpg?s=420x,
https://pix1.agoda.net/hotelimages/1/-1/7952a908de348304417552246f9039de.jpg?s=420x,
https://pix4.agoda.net/hotelimages/6/6/6_1112201742005261861.jpg?s=420x,
https://pix2.agoda.net/hotelimages/6/6/6_1201211018006071850.jpg?s=420x,
https://pix5.agoda.net/hotelimages/6/6/6_0905131455001101926.jpg?s=420x,
https://pix1.agoda.net/hotelimages/6/6/6_0905131455001101927.jpg?s=420x,
https://pix4.agoda.net/hotelimages/6/6/6_0905131455001101930.jpg?s=420x,
https://pix1.agoda.net/hotelimages/4890100/0/bbdf04328f691e68828c8f49075ace5e.jpg?s=420x,
https://pix2.agoda.net/hotelimages/10/10/10_14041821020019130452.jpg?s=420x,
https://pix5.agoda.net/hotelimages/10/10/10_13051721000012487062.jpg?s=420x,
https://pix5.agoda.net/hotelimages/10/10/10_13051721000012487063.jpg?s=420x,
https://pix2.agoda.net/hotelimages/10/10/10_13051721010012487064.jpg?s=420x,
https://pix3.agoda.net/hotelimages/13/0/5f8b6d43a6a287d37bfe1626ab22b0b1.jpg?s=420x,
https://pix4.agoda.net/hotelimages/13/13/13_15072020190032641184.jpg?s=420x,
https://pix5.agoda.net/hotelimages/13/13/13_15072020200032641185.jpg?s=420x,
https://pix1.agoda.net/hotelimages/13/13/13_15072020200032641186.jpg?s=420x,
https://pix2.agoda.net/hotelimages/13/0/ff8100c85955522a0289e5c71329a17a.jpg?s=420x,
https://pix3.agoda.net/hotelimages/15/0/59a863c3a6e93b759faf2beea910d516.jpg?s=420x,
https://pix5.agoda.net/hotelimages/15/15/15_13072409510013984463.jpg?s=420x,
https://pix2.agoda.net/hotelimages/15/15/15_17091420040056285473.jpg?s=420x,
https://pix4.agoda.net/hotelimages/15/15/15_17091420040056285476.jpg?s=420x,
https://pix5.agoda.net/hotelimages/15/15/15_17091420040056285477.jpg?s=420x,
https://pix3.agoda.net/hotelimages/16/16/16_17072912020054755824.jpg?s=420x,
https://pix5.agoda.net/hotelimages/16/16/16_15121810140038604789.jpg?s=420x,
https://pix4.agoda.net/hotelimages/16/16/16_13022217540010401585.jpg?s=420x,
https://pix5.agoda.net/hotelimages/16/16/16_13102910330017213949.jpg?s=420x,
https://pix5.agoda.net/hotelimages/16/16/16_15121810140038604781.jpg?s=420x,
https://pix5.agoda.net/hotelimages/17/17/17_16051513410042341853.jpg?s=420x,
httpss://q-xx.bstatic.com/xdata/images/hotel/max500/106650431.jpg?k=5a97e1aef0eef91b1a38caa55387f33ddc2c7e7990291682f4b2928f5b9d7e48&o=,
https://pix3.agoda.net/hotelimages/17/17/17_0912182150001859572.jpg?s=420x,
https://pix3.agoda.net/hotelimages/17/17/17_0912182150001859573.jpg?s=420x,
https://pix5.agoda.net/hotelimages/17/17/17_0912182150001859577.jpg?s=420x,
https://pix4.agoda.net/hotelimages/18/-1/91c5a3c5d5cc7189b0099fab9a2fbb64.jpg?s=420x,
https://pix1.agoda.net/hotelimages/18/18/18_15060216180028256873.jpg?s=420x,
https://pix4.agoda.net/hotelimages/18/18/18_121122143051695.jpg?s=420x,
https://pix2.agoda.net/hotelimages/18/18/18_121122143052132.jpg?s=420x,
https://pix2.agoda.net/hotelimages/18/18/18_121122143052678.jpg?s=420x,
https://pix3.agoda.net/hotelimages/25/-1/8dad037385fd554a85e013f931a8a1d5.jpg?s=420x,
https://pix2.agoda.net/hotelimages/25/25/25_15062308450030342042.jpg?s=420x,
https://pix5.agoda.net/hotelimages/25/25/25_15062308460030331423.jpg?s=420x,
https://pix2.agoda.net/hotelimages/25/25/25_15062308460030331424.jpg?s=420x,
https://pix2.agoda.net/hotelimages/25/25/25_15062308460030331425.jpg?s=420x,
https://pix3.agoda.net/hotelimages/6584938/0/dc16bcf0fcfe7d2d5110462ebed1705b.jpg?s=420x,
https://pix3.agoda.net/hotelimages/33/33/33_15022714410025654631.jpg?s=420x,
https://pix4.agoda.net/hotelimages/33/33/33_17080709240054945185.jpg?s=420x,
https://pix5.agoda.net/hotelimages/33/33/33_17080709240054945186.jpg?s=420x,
https://pix3.agoda.net/hotelimages/33/33/33_17080709240054945187.jpg?s=420x,
https://pix3.agoda.net/hotelimages/34/34/34_08091300010079.jpg?s=420x,
https://pix5.agoda.net/hotelimages/34/34/34_1001231702002566194.jpg?s=420x,
https://pix5.agoda.net/hotelimages/34/34/34_0912031414001753274.jpg?s=420x,
https://pix5.agoda.net/hotelimages/34/34/34_0912031414001753275.jpg?s=420x,
https://pix5.agoda.net/hotelimages/34/34/34_0912190835001951320.jpg?s=420x,
https://pix5.agoda.net/hotelimages/36/36/36_16060914140043329990.jpg?s=420x,
https://pix2.agoda.net/hotelimages/36/36/36_14201423570017903834.jpg?s=420x,
https://pix1.agoda.net/hotelimages/36/36/36_14201613040017908699.jpg?s=420x,
https://pix1.agoda.net/hotelimages/36/36/36_14201613040017908703.jpg?s=420x,
https://pix2.agoda.net/hotelimages/36/36/36_16060914140043329983.jpg?s=420x,
https://pix4.agoda.net/hotelimages/37/37/37_08112415020080.jpg?s=420x,
https://pix2.agoda.net/hotelimages/37/37/37_13060408140012629582.jpg?s=420x,
https://pix5.agoda.net/hotelimages/37/37/37_080913000100175992.jpg?s=420x,
https://pix2.agoda.net/hotelimages/37/37/37_080913000100175994.jpg?s=420x,
https://pix4.agoda.net/hotelimages/37/37/37_080913000100175995.jpg?s=420x,
https://pix5.agoda.net/hotelimages/38/38/38_120516001857736.jpg?s=420x,
https://pix3.agoda.net/hotelimages/38/38/38_111102221618017.jpg?s=420x,
https://pix2.agoda.net/hotelimages/38/38/38_0912190005001879680.jpg?s=420x,
https://pix2.agoda.net/hotelimages/38/38/38_0912190005001879681.jpg?s=420x,
https://pix4.agoda.net/hotelimages/38/38/38_0912190005001879683.jpg?s=420x,
https://pix4.agoda.net/hotelimages/5081613/0/c4e6fab98811d18cf2d8068e517ccb62.jpg?s=420x,
https://pix1.agoda.net/hotelimages/54/-1/23d1750eb7af9f4863ea16c1c9b0cafb.jpg?s=420x,
https://pix3.agoda.net/hotelimages/54/54/54_16053115400042940736.jpg?s=420x,
https://pix1.agoda.net/hotelimages/54/-1/1d6641875edae6bfdb4a46b113aa95cb.jpg?s=420x,
https://pix5.agoda.net/hotelimages/54/-1/bb7b19c0413bfb89d67ae49a0d818837.jpg?s=420x,
https://pix2.agoda.net/hotelimages/59/59/59_17050315180052767891.jpg?s=420x,
https://pix5.agoda.net/hotelimages/59/59/59_17030514080051374227.jpg?s=420x,
https://pix5.agoda.net/hotelimages/59/59/59_16101013470047578644.jpg?s=420x,
https://pix4.agoda.net/hotelimages/59/59/59_16101013470047578645.jpg?s=420x,
https://pix2.agoda.net/hotelimages/59/59/59_16101013470047578646.jpg?s=420x,
https://pix4.agoda.net/hotelimages/63/0/50265bce9db910781a1d262b65988e77.jpg?s=420x,
https://pix1.agoda.net/hotelimages/63/63/63_17091411370056344386.jpg?s=420x,
https://pix2.agoda.net/hotelimages/63/63/63_17091411370056344352.jpg?s=420x,
https://pix5.agoda.net/hotelimages/63/63/63_17091411370056344388.jpg?s=420x,
https://pix1.agoda.net/hotelimages/63/63/63_17091411370056344409.jpg?s=420x,
https://pix5.agoda.net/hotelimages/7456302/0/fe20fe078e5b7195789ac57334dc8cba.jpg?s=420x,
https://pix2.agoda.net/hotelimages/66/66/66_13103010150017244355.jpg?s=420x,
https://pix4.agoda.net/hotelimages/66/66/66_14061212400019807656.jpg?s=420x,
https://pix1.agoda.net/hotelimages/66/66/66_14061212400019807657.jpg?s=420x,
https://pix3.agoda.net/hotelimages/66/66/66_14061212400019807658.jpg?s=420x,
https://pix3.agoda.net/hotelimages/69/0/45bf6f3bfdbf04196eabaacdfaae2ff4.jpg?s=420x,
https://pix4.agoda.net/hotelimages/69/3271889/2da4a16bb4021f6845cca2067f61e194.jpg?s=420x,
https://pix3.agoda.net/hotelimages/69/69/69_17080817270055081893.jpg?s=420x,
https://pix1.agoda.net/hotelimages/69/69/69_17080817270055081908.jpg?s=420x,
https://pix5.agoda.net/hotelimages/69/69/69_17080817270055081910.jpg?s=420x,
https://pix4.agoda.net/hotelimages/71/71/71_15112522040038031555.jpg?s=420x,
https://pix2.agoda.net/hotelimages/71/71/71_14110516150023200624.jpg?s=420x,
https://pix1.agoda.net/hotelimages/71/71/71_14110514240023196635.jpg?s=420x,
https://pix3.agoda.net/hotelimages/71/71/71_14110514240023196639.jpg?s=420x,
https://pix5.agoda.net/hotelimages/71/71/71_14110514240023196643.jpg?s=420x,
https://pix2.agoda.net/hotelimages/75/-1/450838815fb602d9fe58bba500a04a84.jpg?s=420x,
https://pix1.agoda.net/hotelimages/75/75/75_16102701360048160956.jpg?s=420x,
https://pix1.agoda.net/hotelimages/75/75/75_14041902380019131757.jpg?s=420x,
https://pix3.agoda.net/hotelimages/75/75/75_16063004510044267771.jpg?s=420x,
https://pix1.agoda.net/hotelimages/75/75/75_16063004510044267772.jpg?s=420x,
https://pix2.agoda.net/hotelimages/78/0/c0c8e0157b466534215921d295e02974.jpg?s=420x,
https://pix4.agoda.net/hotelimages/78/78/78_17110906000058958908.jpg?s=420x,
https://pix1.agoda.net/hotelimages/78/78/78_16051514190042342598.jpg?s=420x,
https://pix2.agoda.net/hotelimages/78/78/78_16051514190042342599.jpg?s=420x,
https://pix4.agoda.net/hotelimages/78/78/78_16051514190042342614.jpg?s=420x,
https://pix3.agoda.net/hotelimages/2293978/0/cfb97a672601c2a46da6b7643c2eeaae.jpg?s=420x,
https://pix4.agoda.net/hotelimages/85/85/85_14070608500020162883.jpg?s=420x,
https://pix2.agoda.net/hotelimages/85/85/85_110630084149715.jpg?s=420x,
https://pix5.agoda.net/hotelimages/85/85/85_110630084150075.jpg?s=420x,
https://pix5.agoda.net/hotelimages/85/85/85_110630084152528.jpg?s=420x,
https://pix2.agoda.net/hotelimages/94/94/94_15082414070034908996.jpg?s=420x,
https://pix2.agoda.net/hotelimages/94/94/94_13080107250014159306.jpg?s=420x,
https://pix3.agoda.net/hotelimages/94/94/94_15082414060034908926.jpg?s=420x,
https://pix4.agoda.net/hotelimages/94/94/94_15082414060034908932.jpg?s=420x,
https://pix5.agoda.net/hotelimages/94/94/94_15082414060034908941.jpg?s=420x,
https://pix1.agoda.net/hotelimages/5160177/0/7429a5cce6cda6860924a249d308f38b.jpg?s=420x,
https://pix3.agoda.net/hotelimages/97/97/97_14100820090022636837.jpg?s=420x,
https://pix2.agoda.net/hotelimages/97/97/97_15072120540032732635.jpg?s=420x,
https://pix4.agoda.net/hotelimages/97/97/97_15072120540032732636.jpg?s=420x,
https://pix2.agoda.net/hotelimages/97/97/97_15072120540032732637.jpg?s=420x,
https://pix4.agoda.net/hotelimages/99/99/99_16022014110040064258.jpg?s=420x,
https://pix5.agoda.net/hotelimages/99/99/99_14051217190019391121.jpg?s=420x,
https://pix1.agoda.net/hotelimages/99/99/99_15060610520028741750.jpg?s=420x,
https://pix5.agoda.net/hotelimages/99/99/99_15060610520028741758.jpg?s=420x,
https://pix2.agoda.net/hotelimages/99/99/99_15060610520028741759.jpg?s=420x,
https://pix5.agoda.net/hotelimages/102/102/102_16061314090043482668.jpg?s=420x,
https://pix4.agoda.net/hotelimages/102/102/102_14120818350023840184.jpg?s=420x,
https://pix4.agoda.net/hotelimages/102/102/102_14120818320023840125.jpg?s=420x,
https://pix4.agoda.net/hotelimages/102/102/102_16061314080043482544.jpg?s=420x,
https://pix1.agoda.net/hotelimages/102/102/102_16061314080043482545.jpg?s=420x,
https://pix4.agoda.net/hotelimages/103/103/103_15080418100033635932.jpg?s=420x,
https://pix5.agoda.net/hotelimages/103/103/103_15080418180033636301.jpg?s=420x,
https://pix4.agoda.net/hotelimages/103/103/103_15080418180033636284.jpg?s=420x,
https://pix4.agoda.net/hotelimages/103/103/103_15080418180033636289.jpg?s=420x,
https://pix2.agoda.net/hotelimages/103/103/103_15080418180033636291.jpg?s=420x,
https://pix3.agoda.net/hotelimages/107/0/c1376dc07dff9f64bb7db9ca3bfba3f9.jpg?s=420x,
https://pix2.agoda.net/hotelimages/107/38152533/1b5a794b0583a18730c76ac3152c8cfe.jpg?s=420x,
https://pix1.agoda.net/hotelimages/107/107/107_14061309340019824611.jpg?s=420x,
https://pix3.agoda.net/hotelimages/107/0/7640fa81190a8028f78d9f04df3c3375.jpg?s=420x,
https://pix3.agoda.net/hotelimages/107/0/a2e4e65dc778fda49fb6d1f5d8af0c3c.jpg?s=420x,
https://pix3.agoda.net/hotelimages/109/109/109_16052212090042589176.jpg?s=420x,
https://pix5.agoda.net/hotelimages/109/109/109_16052211280042588226.jpg?s=420x,
https://pix2.agoda.net/hotelimages/109/109/109_110928140746380.jpg?s=420x,
https://pix1.agoda.net/hotelimages/109/109/109_13041810270011932326.jpg?s=420x,
https://pix3.agoda.net/hotelimages/109/109/109_16052211270042588224.jpg?s=420x,
https://pix1.agoda.net/hotelimages/4879607/0/4bb2ed860ccc6835b3abad1b0950f264.jpg?s=420x,
https://pix1.agoda.net/hotelimages/122/122/122_14033113450018913209.jpg?s=420x,
https://pix2.agoda.net/hotelimages/122/122/122_15072319260032908803.jpg?s=420x,
https://pix5.agoda.net/hotelimages/122/122/122_15072319260032908805.jpg?s=420x,
https://pix5.agoda.net/hotelimages/122/122/122_15072319260032908809.jpg?s=420x,
https://pix4.agoda.net/hotelimages/4888496/0/b39b15228d1633bd3a3d235c415322c8.jpg?s=420x,
https://pix2.agoda.net/hotelimages/123/-1/d7ca8b5383cee0c38d53e867c62b222d.jpg?s=420x,
https://pix3.agoda.net/hotelimages/123/-1/f89e73a42f906347eccf264ba0e2e1b7.jpg?s=420x,
https://pix5.agoda.net/hotelimages/123/-1/ed5a44ac19464bfc6c46d1cf11e55a97.jpg?s=420x,
https://pix2.agoda.net/hotelimages/123/-1/173528cde9bc9340e1670ff529147082.jpg?s=420x,
https://pix1.agoda.net/hotelimages/5076456/0/38babc9d6d69991b542483a4fa8cc1d9.jpg?s=420x,
https://pix4.agoda.net/hotelimages/124/124/124_1207310921007003927.jpg?s=420x,
https://pix4.agoda.net/hotelimages/124/124/124_08091300010066316.jpg?s=420x,
https://pix1.agoda.net/hotelimages/124/124/124_1001231823002585111.jpg?s=420x,
https://pix3.agoda.net/hotelimages/124/124/124_1008271021003233091.jpg?s=420x,
https://pix2.agoda.net/hotelimages/127/-1/ba01692a5648a26aa0ff11138bbe3943.jpg?s=420x,
https://pix2.agoda.net/hotelimages/127/127/127_16020516290039682632.jpg?s=420x,
https://pix3.agoda.net/hotelimages/127/127/127_1201141301005808966.jpg?s=420x,
https://pix5.agoda.net/hotelimages/127/127/127_1201141301005808972.jpg?s=420x,
https://pix5.agoda.net/hotelimages/127/127/127_1201141301005808974.jpg?s=420x,
https://pix2.agoda.net/hotelimages/5502207/0/a9e070b68501d7391fa920a4aa91d84b.jpg?s=420x,
https://pix4.agoda.net/hotelimages/130/130/130_120921151416888.jpg?s=420x,
https://pix4.agoda.net/hotelimages/130/130/130_120209160626030.jpg?s=420x,
https://pix2.agoda.net/hotelimages/130/130/130_120209160625280.jpg?s=420x,
https://pix3.agoda.net/hotelimages/130/130/130_120209160626890.jpg?s=420x,
https://pix4.agoda.net/hotelimages/131/131/131_14031311160018678660.jpg?s=420x,
https://pix5.agoda.net/hotelimages/131/131/131_15060518120028725945.jpg?s=420x,
https://pix2.agoda.net/hotelimages/131/131/131_14031311160018678657.jpg?s=420x,
https://pix1.agoda.net/hotelimages/131/131/131_14120311490023755062.jpg?s=420x,
https://pix4.agoda.net/hotelimages/131/131/131_14120420060023755720.jpg?s=420x,
https://pix3.agoda.net/hotelimages/132/132/132_1112020202004688488.jpg?s=420x,
httpss://q-xx.bstatic.com/xdata/images/hotel/max500/90621299.jpg?k=71b8a03f0c5f4a924c9c90a8b55ad371899576aca6076ad36a38bfbb23666aa6&o=,
https://pix2.agoda.net/hotelimages/132/132/132_0907060958001636683.jpg?s=420x,
https://pix1.agoda.net/hotelimages/132/132/132_0907060958001636684.jpg?s=420x,
https://pix5.agoda.net/hotelimages/132/132/132_0907060958001636685.jpg?s=420x,
https://pix4.agoda.net/hotelimages/135/135/135_16090612540046133915.jpg?s=420x,
https://pix4.agoda.net/hotelimages/135/-1/0186806be906069ae222b261fe0b50ca.jpg?s=420x,
https://pix5.agoda.net/hotelimages/135/135/135_16090612540046133911.jpg?s=420x,
https://pix4.agoda.net/hotelimages/135/135/135_16090612540046133913.jpg?s=420x,
https://pix4.agoda.net/hotelimages/135/135/135_16090612540046133926.jpg?s=420x,
https://pix4.agoda.net/hotelimages/136/-1/1cc695aed77341cbdc3297fc754a8ac2.jpg?s=420x,
https://pix4.agoda.net/hotelimages/136/136/136_15032407450026382501.jpg?s=420x,
https://pix4.agoda.net/hotelimages/136/136/136_14072515490020490897.jpg?s=420x,
https://pix1.agoda.net/hotelimages/136/136/136_14072515490020490901.jpg?s=420x,
https://pix3.agoda.net/hotelimages/136/136/136_14072516160020492179.jpg?s=420x,
https://pix5.agoda.net/hotelimages/138/-1/5a34a779300e997df06fee851cadda1c.jpg?s=420x,
https://pix3.agoda.net/hotelimages/138/-1/69ecbd6e3d1539022b153668922b61aa.jpg?s=420x,
https://pix4.agoda.net/hotelimages/138/138/138_13010722350010092471.jpg?s=420x,
https://pix1.agoda.net/hotelimages/138/138/138_14203022340017985380.jpg?s=420x,
https://pix4.agoda.net/hotelimages/138/138/138_14203022340017985391.jpg?s=420x,
https://pix4.agoda.net/hotelimages/7210716/0/bdae856e4eacb1d982c5705f5efe0a58.jpg?s=420x,
https://pix1.agoda.net/hotelimages/140/140/140_14012901340018201752.jpg?s=420x,
https://pix5.agoda.net/hotelimages/140/140/140_14012723250018171157.jpg?s=420x,
https://pix2.agoda.net/hotelimages/140/140/140_14012723250018171158.jpg?s=420x,
https://pix2.agoda.net/hotelimages/140/140/140_14013000560018212470.jpg?s=420x,
https://pix1.agoda.net/hotelimages/141/-1/920bbb1725aebe9f5da472eb58d80845.jpg?s=420x,
https://pix5.agoda.net/hotelimages/141/141/141_13050618460012085630.jpg?s=420x,
https://pix1.agoda.net/hotelimages/141/141/141_130424160758.jpg?s=420x,
https://pix5.agoda.net/hotelimages/141/141/141_130424160804.jpg?s=420x,
https://pix5.agoda.net/hotelimages/146/146/146_080913000100145.jpg?s=420x,
https://pix2.agoda.net/hotelimages/146/146/146_1201061629005632622.jpg?s=420x,
https://pix5.agoda.net/hotelimages/146/146/146_0912181902001833716.jpg?s=420x,
https://pix3.agoda.net/hotelimages/146/146/146_0912181902001833718.jpg?s=420x,
https://pix2.agoda.net/hotelimages/146/146/146_0912181902001833719.jpg?s=420x,
https://pix3.agoda.net/hotelimages/147/147/147_1112051559004767099.jpg?s=420x,
https://pix4.agoda.net/hotelimages/147/147/147_1201061640005633620.jpg?s=420x,
https://pix5.agoda.net/hotelimages/147/147/147_0912031314001740894.jpg?s=420x,
https://pix4.agoda.net/hotelimages/147/147/147_0912031314001740898.jpg?s=420x,
https://pix1.agoda.net/hotelimages/147/147/147_0912031314001740899.jpg?s=420x,
https://pix5.agoda.net/hotelimages/4877178/0/e4e55d3e23ce5d7926b9e506e38bed0c.jpg?s=420x,
https://pix5.agoda.net/hotelimages/149/149/149_16051017080042202855.jpg?s=420x,
https://pix5.agoda.net/hotelimages/149/149/149_17032614520051869503.jpg?s=420x,
https://pix4.agoda.net/hotelimages/149/0/170dba75e7ef630ce2931d459d115d75.jpg?s=420x,
https://pix1.agoda.net/hotelimages/149/0/551955b304a67e83b20ecf4539c2a192.jpg?s=420x,
https://pix4.agoda.net/hotelimages/5149864/0/37204a2012d78e13c33b78b5827f215d.jpg?s=420x,
https://pix3.agoda.net/hotelimages/5149864/93417912/44fbcabecff3a6db50210e15a4ec4ba0.jpg?s=420x,
https://pix2.agoda.net/hotelimages/5149864/0/b2129c80810186618c4c308d33da0f76.jpg?s=420x,
https://pix4.agoda.net/hotelimages/5149864/0/f6b4814b56629b17742d3564265366ce.jpg?s=420x,
https://pix1.agoda.net/hotelimages/5149864/0/b8a7483401513e014d7e2e512d666232.jpg?s=420x,
https://pix5.agoda.net/hotelimages/4884281/0/9dc9f52df1ed422b4c52657acdb90b2e.jpg?s=420x,
https://pix2.agoda.net/hotelimages/151/151/151_130703201220.jpg?s=420x,
https://pix3.agoda.net/hotelimages/4884281/0/61ed7fbd2aa24da66bb582f5171f646c.jpg?s=420x,
https://pix2.agoda.net/hotelimages/4884281/0/249257609a8bddcc19b384cb3af3c0a5.jpg?s=420x,
https://pix4.agoda.net/hotelimages/4884281/0/4f969a30a08b3fea5a0747823a8e1554.jpg?s=420x