https://i0.wp.com/handluggageonly.co.uk/wp-content/uploads/2017/12/Burano-Italy.jpg?resize=1024%2C683&ssl=1,Burano,Italy
https://i0.wp.com/handluggageonly.co.uk/wp-content/uploads/2017/12/Menton-France-2.jpg?w=1600&ssl=1,Menton,France
https://i0.wp.com/handluggageonly.co.uk/wp-content/uploads/2017/12/Sighisoara-Romania-3.jpg?resize=1024%2C683&ssl=1,Sighisoara,Romania
https://i1.wp.com/handluggageonly.co.uk/wp-content/uploads/2017/08/Nyhavn-in-Copenhagen.jpg?w=1600&ssl=1,Copenhagen,Denmark
https://i0.wp.com/handluggageonly.co.uk/wp-content/uploads/2018/02/Positano-1.jpg?resize=1365%2C2048&ssl=1,Positano,Italy
https://i1.wp.com/handluggageonly.co.uk/wp-content/uploads/2017/12/Portmeirion-Wales.jpg?resize=1376%2C1032&ssl=1,Portmeirion,Wales
https://i0.wp.com/handluggageonly.co.uk/wp-content/uploads/2017/12/Gamla-Stan-2.jpg?w=463&h=695&ssl=1,Stockholm,Sweden
https://i2.wp.com/handluggageonly.co.uk/wp-content/uploads/2017/12/Girona-Spain-2.jpg?resize=1024%2C683&ssl=1,Girona,Spain
https://i0.wp.com/handluggageonly.co.uk/wp-content/uploads/2019/01/South-Africa-Hikes-Cover.jpg?w=1600&ssl=1,Cape Town,South Africa
https://i1.wp.com/handluggageonly.co.uk/wp-content/uploads/2017/06/HandLuggageOnly-5-4.jpg?w=1600&ssl=1,Marrakesh,Morocco
https://i1.wp.com/handluggageonly.co.uk/wp-content/uploads/2017/12/Hand-Luggage-Only-31.jpg?w=1600&ssl=1,Harstad,Norway
https://i2.wp.com/handluggageonly.co.uk/wp-content/uploads/2019/12/HandLuggageOnly-7-1.jpg?resize=1347%2C2048&ssl=1,California,USA
https://i1.wp.com/handluggageonly.co.uk/wp-content/uploads/2019/05/Hand-Luggage-Only-7.jpg?w=1600&ssl=1,Athens,Greece
https://i1.wp.com/handluggageonly.co.uk/wp-content/uploads/2018/05/Hand-Luggage-Only-6-2.jpg?w=1600&ssl=1,Cinque-Terre,Italy
https://i0.wp.com/handluggageonly.co.uk/wp-content/uploads/2020/04/6I9A8371.jpg?w=496&h=744&ssl=1,Ayutthaya,Thailand
https://i1.wp.com/handluggageonly.co.uk/wp-content/uploads/2020/01/HandLuggageOnly-9-4.jpg?w=497&h=751&ssl=1,Gdansk,Poland
https://i1.wp.com/handluggageonly.co.uk/wp-content/uploads/2017/02/IMG_4381.jpg?w=496&h=744&ssl=1,Lisbon,Portugal
https://i0.wp.com/handluggageonly.co.uk/wp-content/uploads/2016/09/IMG_4833.jpg?resize=1280%2C853&ssl=1,Alesund,Norway
https://i2.wp.com/handluggageonly.co.uk/wp-content/uploads/2016/06/DSC4987.jpg?resize=1280%2C854&ssl=1,Nouvelle-Aquitaine,France
https://worldofwanderlust.com/wp-content/uploads/2016/02/September-9-768x1024.jpg,Bali,Indonesia
https://worldofwanderlust.com/wp-content/uploads/2019/01/annie-spratt-637579-unsplash-1024x655.jpg,New Delhi,India
https://worldofwanderlust.com/wp-content/uploads/2015/10/September-12-768x1024.jpg,Agra,India
https://worldofwanderlust.com/wp-content/uploads/2018/02/ryan-miglinczy-452369-unsplash-768x1152.jpg,Abu Dhabi,UAE
https://worldofwanderlust.com/wp-content/uploads/2019/01/cris-tagupa-557055-unsplash-1024x768.jpg,Palawan,Philippines
https://worldofwanderlust.com/wp-content/uploads/2018/09/Chiang-Mai-6-768x1152.jpg,Chiang Mai,Thailand
https://p0.pxfuel.com/preview/460/604/1005/istanbul-ortakoy-ortakoy-mosque-throat.jpg,Istanbul,Turkey